,User,Tweet Data,Date,Compound Score,Positive Score,Neutral Score,Negative Score,Tweets Ago
0,BBC News (World),Too fat cats? Russian circus under fire over 'obese' lionesses https://t.co/05mA2q2S6c,Tue Dec 19 17:37:34 +0000 2017,-0.34,0.0,0.806,0.194,100
1,BBC News (World),Canada couple forced to spend Christmas apart after 70 years https://t.co/UCpWvPpYTJ,Tue Dec 19 17:30:42 +0000 2017,-0.4588,0.0,0.769,0.231,99
2,BBC News (World),Palestinian girl arrested after 'slap' video https://t.co/orxvcL4kzc,Tue Dec 19 17:14:34 +0000 2017,-0.4767,0.0,0.659,0.341,98
3,BBC News (World),RT @BBC_HaveYourSay: #Sorrynotsorry says @RealHughJackman as he goes against his surgeon's advice by singing too soon after cancer treatmen…,Tue Dec 19 16:46:08 +0000 2017,-0.6597,0.0,0.804,0.196,97
4,BBC News (World),"What an advantage!

Mothers are offering Serena Williams tips on how to help soothe a teething baby… https://t.co/tsu01cDZVu",Tue Dec 19 16:30:03 +0000 2017,0.7574,0.349,0.651,0.0,96
5,BBC News (World),Argentina passes pension reform despite violent protests https://t.co/5UBhj9Xmc1,Tue Dec 19 16:27:16 +0000 2017,0.5875,0.445,0.555,0.0,95
6,BBC News (World),RT @BBC_HaveYourSay: What one New Zealander bought Prime Minister @jacindaardern for Christmas after the first gift got held up https://t.c…,Tue Dec 19 16:17:48 +0000 2017,0.4404,0.132,0.868,0.0,94
7,BBC News (World),"Despite its pariah status, North Korea has diplomatic links with a surprisingly large number of nations… https://t.co/odDO5l50MS",Tue Dec 19 16:04:01 +0000 2017,0.3612,0.2,0.8,0.0,93
8,BBC News (World),Russia detains Norwegian 'spy' https://t.co/a7czeZpzxZ,Tue Dec 19 15:56:37 +0000 2017,0.0,0.0,1.0,0.0,92
9,BBC News (World),Berlin attack: Merkel speaks out on anniversary https://t.co/wKerBPGGOA,Tue Dec 19 15:53:09 +0000 2017,-0.4767,0.0,0.693,0.307,91
10,BBC News (World),New Zealand 'Cop Car Karaoke' drives home safety message https://t.co/MYhJxC5kMm,Tue Dec 19 15:28:00 +0000 2017,0.4215,0.237,0.763,0.0,90
11,BBC News (World),@BBCRosAtkins @AlexForsythBBC @GavinLeeBBC @BBCSteveR @BBCRajiniV Join our correspondents live now on Facebook as t… https://t.co/V33G1a7NBl,Tue Dec 19 15:27:57 +0000 2017,0.296,0.136,0.864,0.0,89
12,BBC News (World),Republican tax bill: House and Senate to hold final votes https://t.co/9x7jo561Zb,Tue Dec 19 15:15:06 +0000 2017,0.0,0.0,1.0,0.0,88
13,BBC News (World),What are your 2018 predictions? Share yours with @BBCRosAtkins and our correspondents live around the world on Face… https://t.co/6DPPMwDmZk,Tue Dec 19 14:54:42 +0000 2017,0.296,0.109,0.891,0.0,87
14,BBC News (World),"RT @BBC_HaveYourSay: Minnie Driver suggests Matt Damon is ""tone deaf"" for saying men in Hollywood who are not sexual predators should get m…",Tue Dec 19 14:44:03 +0000 2017,0.0,0.0,1.0,0.0,86
15,BBC News (World),What Aung San Suu Kyi said when asked about the horrors endured by the Rohingya people in Myanmar… https://t.co/XDNdTVO7oD,Tue Dec 19 14:04:15 +0000 2017,-0.5719,0.0,0.829,0.171,85
16,BBC News (World),RT @BBCAfrica: Zambia's new Chinese police officers removed after outcry https://t.co/9mJu266Y3I https://t.co/Pnp9shz66d,Tue Dec 19 14:03:41 +0000 2017,-0.5106,0.0,0.769,0.231,84
17,BBC News (World),Disney's President Donald Trump robot gets mocked https://t.co/8zBhsWLiwC,Tue Dec 19 13:38:06 +0000 2017,-0.3182,0.0,0.753,0.247,83
18,BBC News (World),Palestinian girl arrested after troops 'slapped' in video https://t.co/HpU5b3fypO,Tue Dec 19 13:27:56 +0000 2017,-0.4767,0.0,0.721,0.279,82
19,BBC News (World),Super Secret Santa steps up for New Zealand PM https://t.co/VRA1HdJ18b,Tue Dec 19 13:24:41 +0000 2017,0.5994,0.302,0.698,0.0,81
20,BBC News (World),Royal reburial row https://t.co/NGrlftnOtN,Tue Dec 19 13:24:41 +0000 2017,0.0,0.0,1.0,0.0,80
21,BBC News (World),Hundreds of dead sharks wash up on Iranian island https://t.co/FFqc95fGF6,Tue Dec 19 13:24:39 +0000 2017,-0.6486,0.0,0.677,0.323,79
22,BBC News (World),"RT @BBCMonitoring: Twitter users have been quick to launch an Arabic hashtag #???_??????_??_?????? meaning ""Sound of an explosion in #Riyad…",Tue Dec 19 12:48:48 +0000 2017,0.0,0.0,1.0,0.0,78
23,BBC News (World),RT @BBCtrending: .@KimKardashian's tweet on lawnmower deaths is awarded @RoyalStatSoc's #StatOfTheYear https://t.co/gbsqjYSLf0,Tue Dec 19 12:47:36 +0000 2017,0.4019,0.197,0.803,0.0,77
24,BBC News (World),The lost fishermen of India's cyclone https://t.co/zLIIgxT8gA,Tue Dec 19 12:20:30 +0000 2017,-0.3182,0.0,0.723,0.277,76
25,BBC News (World),Catalans in tight race as election looms https://t.co/BzRGp5iUj1,Tue Dec 19 12:17:38 +0000 2017,-0.1531,0.0,0.814,0.186,75
26,BBC News (World),"RT @BBCNewsbeat: K-pop superstar Jonghyun, who was found dead on Monday, reportedly sent a note to a friend revealing he was struggling wit…",Tue Dec 19 12:08:58 +0000 2017,-0.5994,0.113,0.636,0.251,74
27,BBC News (World),Mekong region: Lizard and turtle among 100 new species found https://t.co/lgc67zcD3k,Tue Dec 19 11:55:41 +0000 2017,0.0,0.0,1.0,0.0,73
28,BBC News (World),"What does Trump's national security strategy mean for the rest of the world... and the US? 

https://t.co/iJGqEWeAvX https://t.co/P3k16tAoQT",Tue Dec 19 11:46:08 +0000 2017,0.34,0.124,0.876,0.0,72
29,BBC News (World),Meryl Streep defends herself against Rose McGowan criticism https://t.co/8myJqEFNls,Tue Dec 19 11:43:48 +0000 2017,-0.4404,0.0,0.734,0.266,71
30,BBC News (World),RT @bbcthree: Kim Kardashian's tweet about lawnmowers has been named stat of the year https://t.co/Iy6EHA6tyC https://t.co/0fWFGZDBcY,Tue Dec 19 11:41:46 +0000 2017,0.0,0.0,1.0,0.0,70
31,BBC News (World),"RT @BBCMonitoring: This week, a court in China's Lufeng city invited the public to watch 12 convicts be sentenced at a local sports stadium…",Tue Dec 19 11:41:41 +0000 2017,-0.0258,0.0,0.95,0.05,69
32,BBC News (World),RT @BBCTech: Bitcoin exchange Youbit shuts after second hack attack https://t.co/7zWaZIxxZr,Tue Dec 19 11:34:29 +0000 2017,-0.4767,0.0,0.763,0.237,68
33,BBC News (World),China condemns US 'Cold War mentality' on national security https://t.co/lJumQoBwgx,Tue Dec 19 11:22:28 +0000 2017,-0.7003,0.145,0.422,0.434,67
34,BBC News (World),Yemen rebel ballistic missile 'intercepted over Riyadh' https://t.co/ZNS245gobR,Tue Dec 19 11:19:05 +0000 2017,-0.1531,0.0,0.814,0.186,66
35,BBC News (World),Christmas attack: Germany 'unprepared' for aftermath https://t.co/S4fhvIaNvE,Tue Dec 19 10:56:52 +0000 2017,-0.4767,0.0,0.659,0.341,65
36,BBC News (World),Serena Williams asks fans for help over baby's teething https://t.co/qwNka3NfGA,Tue Dec 19 10:38:53 +0000 2017,0.4019,0.231,0.769,0.0,64
37,BBC News (World),RT @BBCBusiness: What if the deadliest diseases could be 'uninvented'? #TheDisruptors https://t.co/E5qiHDRVRv,Tue Dec 19 10:18:26 +0000 2017,0.0,0.0,1.0,0.0,63
38,BBC News (World),RT @bbcworldservice: A voice for a dollar? This simple device is giving patients suffering throat cancer the chance to speak again. Full st…,Tue Dec 19 10:08:07 +0000 2017,-0.6249,0.152,0.588,0.26,62
39,BBC News (World),White House to 'temporarily' shut petition website https://t.co/bHddf4mzHt,Tue Dec 19 09:57:10 +0000 2017,0.0,0.0,1.0,0.0,61
40,BBC News (World),Herbal remedy for stroke recovery? https://t.co/HIdN6IMkkW,Tue Dec 19 09:47:02 +0000 2017,0.0,0.0,1.0,0.0,60
41,BBC News (World),Justin Gatlin: Sprinter 'shocked' by allegations about coach &amp; athletics agent https://t.co/ZdtYO8Md2e,Tue Dec 19 09:19:53 +0000 2017,0.0,0.0,1.0,0.0,59
42,BBC News (World),HR McMaster: Russian meddling 'sophisticated subversion' https://t.co/N3S0fc0Dbi,Tue Dec 19 09:11:01 +0000 2017,0.5574,0.375,0.625,0.0,58
43,BBC News (World),Anti-doping investigation begins into claims over Justin Gatlin's coach and an athletics agent… https://t.co/05D9UAizPs,Tue Dec 19 08:23:53 +0000 2017,0.0,0.0,1.0,0.0,57
44,BBC News (World),Amtrak Washington train crash: Investigators focus on speed https://t.co/oxhw9VcinX,Tue Dec 19 07:32:02 +0000 2017,-0.4019,0.0,0.748,0.252,56
45,BBC News (World),Trump: China and Russia rivals in 'new era of competition' https://t.co/0Wq8VH1CGJ,Tue Dec 19 07:04:56 +0000 2017,0.0,0.0,1.0,0.0,55
46,BBC News (World),RT @BBCNorthAmerica: The BBC's @BBCYaldaHakim asks US National Security Adviser HR McMaster did Russia meddle in the US 2016 presidential e…,Tue Dec 19 06:40:39 +0000 2017,0.34,0.107,0.893,0.0,54
47,BBC News (World),US sprinter's coach and agent probed https://t.co/zMD2V5oYO3,Tue Dec 19 06:20:38 +0000 2017,0.0,0.0,1.0,0.0,53
48,BBC News (World),Princess Diana childhood home in Downton aided makeover https://t.co/kcCVTEwFrw,Tue Dec 19 06:20:36 +0000 2017,0.0,0.0,1.0,0.0,52
49,BBC News (World),Jonghyun: Note posted online shows struggle with depression https://t.co/0DZX2dUY9C,Tue Dec 19 05:58:19 +0000 2017,-0.7184,0.0,0.538,0.462,51
50,BBC News (World),"RT @BBCYaldaHakim: .@realDonaldTrump's top security advisor HR McMaster weighs in on N Korea's nuclear threat, Russia's meddling and Trump'…",Tue Dec 19 05:26:59 +0000 2017,-0.0516,0.186,0.664,0.15,50
51,BBC News (World),"RT @BBCNorthAmerica: A day after @realDonaldTrump unveils his security strategy, HR McMaster tells @BBCYaldaHakim that the US must be prepa…",Tue Dec 19 05:20:07 +0000 2017,0.34,0.118,0.882,0.0,49
52,BBC News (World),"HR McMaster weighs in on N Korea's nuclear threat, Russia's meddling and Trump's tweets https://t.co/i5ahIEN5iH",Tue Dec 19 05:19:24 +0000 2017,-0.5267,0.0,0.793,0.207,48
53,BBC News (World),From foes to allies https://t.co/7ef4jWgp7h,Tue Dec 19 05:07:00 +0000 2017,-0.4588,0.0,0.571,0.429,47
54,BBC News (World),Australia police Periscope 'plans to arrest N Korean agent' https://t.co/GDtCOTds5Z,Tue Dec 19 04:36:48 +0000 2017,-0.34,0.0,0.769,0.231,46
55,BBC News (World),Hua Yong: Chinese artist freed in time for daughter's birthday https://t.co/vPIhN8Mymr,Tue Dec 19 04:26:45 +0000 2017,0.4019,0.213,0.787,0.0,45
56,BBC News (World),Cyber-Attack: US blames North Korea for WannaCry https://t.co/7AYHOs6eSE,Tue Dec 19 02:49:18 +0000 2017,-0.4019,0.0,0.722,0.278,44
57,BBC News (World),Clashes as Argentina congress debates pensions https://t.co/qmnFGXNI5P,Tue Dec 19 02:22:03 +0000 2017,0.0,0.0,1.0,0.0,43
58,BBC News (World),The 'snow window' painter who makes Christmas magical https://t.co/3NyG3PbsuS,Tue Dec 19 01:22:58 +0000 2017,0.0,0.0,1.0,0.0,42
59,BBC News (World),Memories of a struggle https://t.co/bKfN2iuk84,Tue Dec 19 01:05:22 +0000 2017,-0.3182,0.0,0.566,0.434,41
60,BBC News (World),Muslim Catalans https://t.co/2HWDCHYl2J,Tue Dec 19 00:55:03 +0000 2017,0.0,0.0,1.0,0.0,40
61,BBC News (World),Diplomatic anomaly https://t.co/FnsTWEyZRE,Tue Dec 19 00:55:02 +0000 2017,0.0,0.0,1.0,0.0,39
62,BBC News (World),"UFO spotted by US fighter jet pilots, new footage reveals https://t.co/jTcEeTaQSx",Tue Dec 19 00:34:11 +0000 2017,0.1531,0.138,0.862,0.0,38
63,BBC News (World),A voice for a dollar https://t.co/Opgb6IhIVE,Tue Dec 19 00:23:45 +0000 2017,0.0,0.0,1.0,0.0,37
64,BBC News (World),Sarah Palin's son charged with domestic assault of father https://t.co/rEe73Sott6,Mon Dec 18 23:52:26 +0000 2017,-0.6808,0.0,0.588,0.412,36
65,BBC News (World),Austrians protest as far-right joins coalition https://t.co/sTdj8ZXAaU,Mon Dec 18 23:05:48 +0000 2017,-0.25,0.0,0.75,0.25,35
66,BBC News (World),'Machines own you' https://t.co/lLpTAsfwSv,Mon Dec 18 22:54:46 +0000 2017,0.0,0.0,1.0,0.0,34
67,BBC News (World),RT @BabitaBBC: Coming up on Newsday on @BBCWorld 23GMT/07SGT https://t.co/yP6QV6IB5N,Mon Dec 18 22:51:13 +0000 2017,0.0,0.0,1.0,0.0,33
68,BBC News (World),"What will President Trump's national security strategy mean for the world? 
National Security Adviser HR McMaster s… https://t.co/ezVKwvMoCi",Mon Dec 18 22:41:49 +0000 2017,0.5859,0.231,0.769,0.0,32
69,BBC News (World),"RT @awzurcher: If Trump tries to fire Mueller, here are some of the ways the president’s supporters will try to justify it. https://t.co/3u…",Mon Dec 18 22:35:14 +0000 2017,0.128,0.11,0.798,0.091,31
70,BBC News (World),Matthew Petersen: Test-flunking Trump judge nominee withdraws https://t.co/rcCYHmTwAS,Mon Dec 18 21:57:07 +0000 2017,0.0,0.0,1.0,0.0,30
71,BBC News (World),Amtrak Washington train crash: Aerial footage of the scene https://t.co/meNJ6ioM2u,Mon Dec 18 20:42:15 +0000 2017,-0.4019,0.0,0.769,0.231,29
72,BBC News (World),Crowd justice https://t.co/6jjtl0ToIN,Mon Dec 18 20:09:48 +0000 2017,0.5267,0.63,0.37,0.0,28
73,BBC News (World),Jerusalem: US vetoes UN resolution rejecting Trump's declaration https://t.co/fxjGDD0sKX,Mon Dec 18 19:59:43 +0000 2017,-0.4588,0.0,0.727,0.273,27
74,BBC News (World),"President Trump unveils the new US national security strategy, saying: ""We are engaged in a new era of competition""… https://t.co/L8iChxYpG8",Mon Dec 18 19:31:55 +0000 2017,0.6249,0.231,0.769,0.0,26
75,BBC News (World),RT @KattyKayBBC: So far it's the tone not the actual policy that's strikingly different in this speech,Mon Dec 18 19:26:28 +0000 2017,0.0,0.0,1.0,0.0,25
76,BBC News (World),"RT @BBCJonSopel: .@realDonaldTrump  and he promises to 'stand up for our country in a way that we've never stood up before.""",Mon Dec 18 19:25:49 +0000 2017,0.3818,0.12,0.88,0.0,24
77,BBC News (World),"RT @BBCJonSopel: .@realDonaldTrump says the US will attempt to build a great partnership with Russia and China, ""but in a way that protects…",Mon Dec 18 19:25:24 +0000 2017,0.3716,0.113,0.887,0.0,23
78,BBC News (World),RT @BBCJonSopel: .@realDonaldTrump on North Korea - it will be taken care of; we have no choice - but blames predecessors for failing when…,Mon Dec 18 19:18:40 +0000 2017,-0.8176,0.071,0.606,0.323,22
79,BBC News (World),RT @KattyKayBBC: Getting NATO members to move towards 2% of GDP for defence is something many member countries also appreciate.,Mon Dec 18 19:18:33 +0000 2017,0.4767,0.186,0.814,0.0,21
80,BBC News (World),"RT @BBCJonSopel: .@realDonaldTrump  ""we have dealt ISIS one devastating defeat after another.""",Mon Dec 18 19:18:23 +0000 2017,-0.8074,0.0,0.578,0.422,20
81,BBC News (World),RT @KattyKayBBC: This sounds like the foreign policy equivalent of American carnage.,Mon Dec 18 19:18:16 +0000 2017,0.3612,0.185,0.815,0.0,19
82,BBC News (World),"RT @BBCJonSopel: .@realDonaldTrump starts by condemning the failures of his predecessors. ""They undercut and short changed our men and wome…",Mon Dec 18 19:18:08 +0000 2017,-0.4588,0.0,0.864,0.136,18
83,BBC News (World),RT @BBCJonSopel: .@realDonaldTrump says in his #NSS speech American one of greatest forces for peace and justice in the world,Mon Dec 18 19:18:02 +0000 2017,0.9022,0.395,0.605,0.0,17
84,BBC News (World),"RT @BBCNorthAmerica: Police are reporting ""multiple"" fatalities after a train carrying more than 78 passengers fell on to a highway in Wash…",Mon Dec 18 19:15:49 +0000 2017,-0.5994,0.0,0.83,0.17,16
85,BBC News (World),Ramaphosa wins https://t.co/L1t4BVsPOs,Mon Dec 18 19:11:40 +0000 2017,0.5719,0.649,0.351,0.0,15
86,BBC News (World),Trump touts 'America First' national security strategy https://t.co/eoXLpKPOyf,Mon Dec 18 18:54:52 +0000 2017,0.3182,0.253,0.632,0.116,14
87,BBC News (World),"RT @BBCBreaking: Amtrak crash latest

• “Multiple” fatalities reported
• 77 people taken to hospital
• Train travelling between Seattle &amp; P…",Mon Dec 18 18:16:22 +0000 2017,-0.765,0.0,0.72,0.28,13
88,BBC News (World),RT @BBCBreaking: Number of passengers killed &amp; dozens injured when Amtrak train falls on to highway near Seattle in Washington State https:…,Mon Dec 18 17:54:44 +0000 2017,-0.7845,0.047,0.691,0.262,12
89,BBC News (World),Cyril Ramaphosa is elected ANC leader https://t.co/ccietkRUsj,Mon Dec 18 17:26:32 +0000 2017,0.0,0.0,1.0,0.0,11
90,BBC News (World),Washington train crash: 'We could feel cars crumpling' https://t.co/rWdI2Y8PML,Mon Dec 18 17:26:32 +0000 2017,-0.4019,0.0,0.748,0.252,10
91,BBC News (World),"RT @BBCBreaking: Train involved in crash in Washington state was travelling at more than 80mph (130kmh), with at least 75 people on board…",Mon Dec 18 17:13:29 +0000 2017,-0.4019,0.0,0.891,0.109,9
92,BBC News (World),Ukraine crisis: Russian truce monitors to leave https://t.co/bSfcGAG4oe,Mon Dec 18 17:04:52 +0000 2017,-0.6486,0.0,0.531,0.469,8
93,BBC News (World),S Africa's ANC picks Ramaphosa as leader https://t.co/erf6PX7mbJ,Mon Dec 18 17:01:15 +0000 2017,0.0,0.0,1.0,0.0,7
94,BBC News (World),Saudi Prince bin Salman 'was mystery buyer' of $320m house https://t.co/1O6B6i3ljq,Mon Dec 18 16:55:07 +0000 2017,0.0,0.0,1.0,0.0,6
95,BBC News (World),RT @nkosi_milton: Bontle Mpakanyane to announce the results! #ANCConference2017 #ANC54,Mon Dec 18 16:55:04 +0000 2017,0.0,0.0,1.0,0.0,5
96,BBC News (World),RT @nkosi_milton: Sindiso Mfenyana the chairman of the electoral commission is now addressing the plenary with the results. #ANC54  #ANCcon…,Mon Dec 18 16:51:56 +0000 2017,0.0,0.0,1.0,0.0,4
97,BBC News (World),What is behind the long-running conflict? https://t.co/trzPqOZArQ,Mon Dec 18 16:45:18 +0000 2017,-0.3182,0.0,0.723,0.277,3
98,BBC News (World),ESPN president John Skipper resigns citing substance addiction https://t.co/hToPw8nqHh,Mon Dec 18 16:42:55 +0000 2017,-0.3182,0.0,0.777,0.223,2
99,BBC News (World),Train carriage falls on US highway https://t.co/Z83UZje1g0,Mon Dec 18 16:32:23 +0000 2017,0.0,0.0,1.0,0.0,1
100,CBS News,"The arrests piled up during Hoboken's SantaCon, while the town's police chief live tweeted his tally -- he called t… https://t.co/vx00DNKa1n",Tue Dec 19 17:45:01 +0000 2017,-0.4404,0.0,0.873,0.127,100
101,CBS News,Federal judge orders Trump administration to allow two pregnant immigrant teens in U.S. custody to obtain abortions… https://t.co/GJhFmgtxq7,Tue Dec 19 17:26:55 +0000 2017,0.2263,0.101,0.899,0.0,99
102,CBS News,"More people than ever have signed up for the ""Do Not Call Registry,"" but spam phone calls are still surging to a ne… https://t.co/84eytnHlEx",Tue Dec 19 17:10:01 +0000 2017,-0.5023,0.0,0.871,0.129,98
103,CBS News,"On the front lines of the opioid epidemic, U.S. police are split on the use of Narcan:
https://t.co/6kMqH1IWYf https://t.co/0gSOj0cFxi",Tue Dec 19 16:55:01 +0000 2017,0.0,0.0,1.0,0.0,97
104,CBS News,"Can I get a flu shot if I have an egg allergy? Yes, now you can: https://t.co/6F8TciC8sJ https://t.co/qWsyWAR7mB",Tue Dec 19 16:40:01 +0000 2017,0.0258,0.148,0.71,0.142,96
105,CBS News,A teacher at a Christian school in Oregon is accused of having a sexual relationship with a student:… https://t.co/fj0TDjTUxy,Tue Dec 19 16:25:01 +0000 2017,-0.296,0.0,0.864,0.136,95
106,CBS News,Texas Rangers pitcher Cole Hamels is donating his $10 million mansion to charity https://t.co/BogdaOsXyB https://t.co/e4ESEFcfgu,Tue Dec 19 16:10:02 +0000 2017,0.4215,0.167,0.833,0.0,94
107,CBS News,"Parents of Rosalie Avila, bullied girl who killed herself, intend to file a wrongful death lawsuit against her scho… https://t.co/DLAY9bNhk5",Tue Dec 19 15:55:00 +0000 2017,-0.9371,0.0,0.51,0.49,93
108,CBS News,An animatronic figure of Donald Trump has joined Disney's Hall of Presidents in Florida: https://t.co/o2HQi91pFC https://t.co/0fkqlAhKFm,Tue Dec 19 15:40:01 +0000 2017,0.0,0.0,1.0,0.0,92
109,CBS News,"""If people are out there on TV telling mistruths, disguising the facts of this thing, that will make it unpopular,""… https://t.co/WULXVhPZal",Tue Dec 19 15:29:00 +0000 2017,-0.3182,0.0,0.897,0.103,91
110,CBS News,"The GOP tax reform bill ""is about expanding opportunity to people who are striving to make the most of their lives,… https://t.co/0lmuOh7KCG",Tue Dec 19 15:26:58 +0000 2017,0.4215,0.118,0.882,0.0,90
111,CBS News,"""Our thoughts and prayers are with the victims and the people were injured. Our thanks go out to the first responde… https://t.co/LrxzQ9D1eA",Tue Dec 19 15:25:14 +0000 2017,-0.2732,0.108,0.706,0.186,89
112,CBS News,"Police are calling the deaths of a Canadian billionaire and his wife ""suspicious"" after they were found dead in the… https://t.co/aGjO26Phxd",Tue Dec 19 15:25:01 +0000 2017,-0.6486,0.0,0.815,0.185,88
113,CBS News,WATCH LIVE: House GOP leaders discuss tax bill ahead of final vote https://t.co/T5uqoA85rO https://t.co/sIS7aCo8Pz,Tue Dec 19 15:21:25 +0000 2017,0.0,0.0,1.0,0.0,87
114,CBS News,There's a surprising winner of the GOP's tax cut bill: foreign investors https://t.co/3QcYVskz1h https://t.co/WJlaCxHH6B,Tue Dec 19 15:10:01 +0000 2017,0.5859,0.328,0.556,0.117,86
115,CBS News,"Tax cuts will cross all income lines under the GOP bill, but cuts will disappear by 2027, Congress' nonpartisan tax… https://t.co/5eSpqX8lId",Tue Dec 19 14:55:01 +0000 2017,-0.6956,0.0,0.727,0.273,85
116,CBS News,"Reporter: How much is the U.S. government, specifically the NSA, to blame for this?
Bossert: ""Not at all.""… https://t.co/b3V4c79ets",Tue Dec 19 14:44:10 +0000 2017,-0.34,0.0,0.882,0.118,84
117,CBS News,"""Our assumption on [North Korea] not raising a lot of money comes from the belief that the hackers hit targets that… https://t.co/8WwGEEauSx",Tue Dec 19 14:38:53 +0000 2017,0.0,0.0,1.0,0.0,83
118,CBS News,"""President Trump not only continued the national emergency for cyber security, but he did so himself and sanctioned… https://t.co/NBLWZbuaso",Tue Dec 19 14:32:37 +0000 2017,-0.0258,0.083,0.829,0.088,82
119,CBS News,"""President Trump has used just about every lever you could use, short a starving the people of North Korea to death… https://t.co/OZ4fc7AUuj",Tue Dec 19 14:30:24 +0000 2017,-0.4215,0.0,0.877,0.123,81
120,CBS News,"""I think that everything that happens in North Korea happens with and by the direction of their leadership,"" Bosser… https://t.co/GFC5njzPOA",Tue Dec 19 14:27:17 +0000 2017,0.0,0.0,1.0,0.0,80
121,CBS News,"""We had to examine a lot. We had to put it together in a way that allowed us to make a confident attribution,"" Boss… https://t.co/v3efPuONa5",Tue Dec 19 14:23:06 +0000 2017,0.4939,0.132,0.868,0.0,79
122,CBS News,"""As we make the internet safer, we will continue to hold accountable those who harm us or attempt to threaten us, w… https://t.co/LLzHcNoZnQ",Tue Dec 19 14:20:10 +0000 2017,-0.5106,0.097,0.692,0.211,78
123,CBS News,"""After careful investigation, the United States is publicly attributing the massive cyber attack to North Korea. We… https://t.co/0YMCkDyzVx",Tue Dec 19 14:18:12 +0000 2017,0.0772,0.196,0.667,0.138,77
124,CBS News,"""North Korea has acted especially badly, largely unchecked, for more than a decade,"" Bossert says… https://t.co/D9OaeREsQx",Tue Dec 19 14:16:06 +0000 2017,-0.5256,0.0,0.805,0.195,76
125,CBS News,"President Trump talked about rescinding his nomination of Neil Gorsuch to serve as a Supreme Court justice, accordi… https://t.co/kkQm9GzBkE",Tue Dec 19 14:15:01 +0000 2017,0.7906,0.304,0.696,0.0,75
126,CBS News,WATCH LIVE: White House homeland security adviser Tom Bossert gives an update on a massive cyber attack that happen… https://t.co/2GYIO7ekFh,Tue Dec 19 14:12:50 +0000 2017,-0.1779,0.107,0.756,0.138,74
127,CBS News,"H.R. McMaster says the Trump administration will confront Russia's ""destabilizing behavior"" https://t.co/zEhbgluboB https://t.co/2tsUkJBdGS",Tue Dec 19 14:00:03 +0000 2017,-0.1779,0.0,0.876,0.124,73
128,CBS News,"Aaron Sorkin is one of Hollywood's most sought-after writers. But he is making his directorial debut in ""Molly's Ga… https://t.co/FCJaK22k6c",Tue Dec 19 13:46:15 +0000 2017,0.0,0.0,1.0,0.0,72
129,CBS News,"“For the first time, I think maybe ever, you have a culture in which women now feel comfortable stepping forward,”… https://t.co/qqGl7Pvs5P",Tue Dec 19 13:43:49 +0000 2017,0.5106,0.155,0.845,0.0,71
130,CBS News,"“I think the stories of things that happened a long time ago are very important,” @jodikantor says.  “These are the… https://t.co/bHoIrGXdLR",Tue Dec 19 13:40:23 +0000 2017,0.0,0.0,1.0,0.0,70
131,CBS News,Florida's Department of Health is looking into claims that a Gulf Coast school has made hundreds of people sick fro… https://t.co/O5hkf8zDS9,Tue Dec 19 13:40:01 +0000 2017,-0.5106,0.0,0.852,0.148,69
132,CBS News,"“I think this country … is having a real reckoning,” @mega2e says of #MeToo movement https://t.co/VKXViohCk1",Tue Dec 19 13:37:23 +0000 2017,0.0,0.0,1.0,0.0,68
133,CBS News,2017 will likely be remembered as the year victims shattered the silence around sexual misconduct. @CBSThisMorning… https://t.co/p36noq5t5v,Tue Dec 19 13:33:59 +0000 2017,-0.6597,0.0,0.735,0.265,67
134,CBS News,A recent study found people who do strength-based exercise have a 23% lower risk of premature death. It also reduce… https://t.co/h4vRsyLR0O,Tue Dec 19 13:20:52 +0000 2017,-0.802,0.0,0.661,0.339,66
135,CBS News,Four days remain before the deadline to keep the government funded and avoid a shutdown; lawmakers are at odds over… https://t.co/QorPHNuruw,Tue Dec 19 13:20:01 +0000 2017,-0.296,0.0,0.896,0.104,65
136,CBS News,"“Whatever President Trump is good at, compartmentalizing ain’t it. It’s always on his mind,” @mikeallen says of spe… https://t.co/u2Ft3fRqVC",Tue Dec 19 13:16:41 +0000 2017,0.4404,0.139,0.861,0.0,64
137,CBS News,"The president is finishing his first year in office, and two influential political reporters say little has changed… https://t.co/p4v7YQ2iGn",Tue Dec 19 13:12:18 +0000 2017,0.4404,0.139,0.861,0.0,63
138,CBS News,President Trump says that Monday's crash shows the need for increased infrastructure investments. The tracks where… https://t.co/YUcM0n4lpZ,Tue Dec 19 13:06:03 +0000 2017,-0.1531,0.106,0.758,0.136,62
139,CBS News,An Amtrak train was going 80 mph -- nearly 3 times the speed limit -- when it derailed in Washington state:… https://t.co/XLYNg680CX,Tue Dec 19 13:05:26 +0000 2017,-0.34,0.0,0.893,0.107,61
140,CBS News,How an Eagle Scout became a first responder in the deadly Amtrak derailment in Washington state:… https://t.co/2aI0VB7S3v,Tue Dec 19 13:00:02 +0000 2017,0.0,0.0,1.0,0.0,60
141,CBS News,"RT @margbrennan: “That’s just not true,” McMaster says of fmr DNI Clapper’s charge that @POTUS is being manipulated by Vladimir Putin @CBST…",Tue Dec 19 12:46:59 +0000 2017,-0.3818,0.0,0.89,0.11,59
142,CBS News,"RT @CBSThisMorning: ??  House Republicans unveil $81 billion disaster aid package.

?? Senator McCain expressed his thanks for overwhelming…",Tue Dec 19 12:46:31 +0000 2017,-0.296,0.121,0.708,0.171,58
143,CBS News,Florida's Department of Health is looking into claims that a Gulf Coast school made hundreds of people sick from di… https://t.co/Q0dsrD70Na,Tue Dec 19 12:43:24 +0000 2017,-0.5106,0.0,0.852,0.148,57
144,CBS News,German air safety authorities clear an Air Berlin pilot who aborted his final landing at the last moment to make a… https://t.co/bQVKXkLtmV,Tue Dec 19 12:40:01 +0000 2017,0.6597,0.213,0.787,0.0,56
145,CBS News,A woman is running the Carolina Panthers on Tuesday morning after owner Jerry Richardson announced plans to sell th… https://t.co/egdcRTiIOu,Tue Dec 19 12:38:36 +0000 2017,0.0,0.0,1.0,0.0,55
146,CBS News,Canadian police are calling the deaths of one of the world's wealthiest men and his wife suspicious.  Barry Sherman… https://t.co/ptsPNfCBDQ,Tue Dec 19 12:34:13 +0000 2017,0.1779,0.135,0.759,0.105,54
147,CBS News,"“We can’t repeat the failed process of the past,” McMaster says on negotiations with North Korea https://t.co/ewkVw6T3xq",Tue Dec 19 12:29:12 +0000 2017,-0.5106,0.0,0.829,0.171,53
148,CBS News,“What happens when North Korea gets this capability? What if other nations in the region arm in this way? That’s go… https://t.co/ueM0FxAcHh,Tue Dec 19 12:27:03 +0000 2017,0.0,0.0,1.0,0.0,52
149,CBS News,The White House is expressing concern about threats posed by Russia and China. National Security Adviser Lt. Gen. H… https://t.co/HsiLKXkHol,Tue Dec 19 12:24:39 +0000 2017,-0.1027,0.103,0.776,0.121,51
150,CBS News,The White House blames North Korea for a worldwide cyber attack that cost billions of dollars. This comes as North… https://t.co/cTymg8HwF5,Tue Dec 19 12:21:55 +0000 2017,-0.7003,0.0,0.756,0.244,50
151,CBS News,Here are 3 moves you should make by the end of 2017 if the GOP tax bill becomes law: https://t.co/dtdHruCE5m https://t.co/kacPITsONp,Tue Dec 19 12:20:01 +0000 2017,0.0,0.0,1.0,0.0,49
152,CBS News,The House of Representatives will vote today on the final Republican tax reform bill and the Senate may vote on it… https://t.co/TydLQdkMXn,Tue Dec 19 12:19:29 +0000 2017,0.0,0.0,1.0,0.0,48
153,CBS News,The world’s busiest airport in Atlanta is getting back to normal after the crippling power outage that stranded nea… https://t.co/3zUruXv1Qc,Tue Dec 19 12:16:58 +0000 2017,0.0,0.0,1.0,0.0,47
154,CBS News,"One of the first responders to the deadly Amtrak derailment in Washington state was a civilian who says he did a ""s… https://t.co/SdignAMrM8",Tue Dec 19 12:14:18 +0000 2017,0.0,0.0,1.0,0.0,46
155,CBS News,"“That’s one of the things we’re going to be investigating,” NTSB's Bella Dinh-Zarr says when asked why train was go… https://t.co/txgXcaLdgO",Tue Dec 19 12:10:57 +0000 2017,0.0,0.0,1.0,0.0,45
156,CBS News,"NTSB's Bella Dinh-Zarr, who is at the scene of the Amtrak derailment in DuPont, Washington, joins @CBSThisMorning t… https://t.co/3q8AxSUxcR",Tue Dec 19 12:08:42 +0000 2017,0.0,0.0,1.0,0.0,44
157,CBS News,The NTSB says the train in the deadly Amtrak derailment in Washington state was clocked at 80 mph in a 30 mph zone.… https://t.co/mlupiJC9Zf,Tue Dec 19 12:06:05 +0000 2017,0.0,0.0,1.0,0.0,43
158,CBS News,"A Soyuz spacecraft carrying a Russian commander, a NASA flight engineer and a Japanese physician-astronaut has dock… https://t.co/8TReRBNjZL",Tue Dec 19 12:00:01 +0000 2017,0.0,0.0,1.0,0.0,42
159,CBS News,"RT @CBSThisMorning: THIS MORNING:
?Lieutenant General H. R. McMaster joins us from the White House
?@axios Executive editor and co-founder…",Tue Dec 19 11:52:56 +0000 2017,0.0,0.0,1.0,0.0,41
160,CBS News,RT @CBSThisMorning: Ahead on @CBSThisMorning... https://t.co/R5WrWDpMjG,Tue Dec 19 11:52:48 +0000 2017,0.0,0.0,1.0,0.0,40
161,CBS News,AHEAD: We are taking a look at the far-reaching impact of the #MeToo movement. Two of the reporters who started the… https://t.co/2SI02CH3Gz,Tue Dec 19 11:45:01 +0000 2017,0.0,0.0,1.0,0.0,39
162,CBS News,AHEAD: National Security Adviser H.R. McMaster joins @CBSThisMorning to discuss the president's new national securi… https://t.co/ozCM6r6DmE,Tue Dec 19 11:40:01 +0000 2017,0.34,0.138,0.862,0.0,38
163,CBS News,Monday brought yet another powerful surge in stock prices -- but can stocks possibly climb any higher?… https://t.co/7mT3ESVQHQ,Tue Dec 19 11:35:44 +0000 2017,0.2263,0.101,0.899,0.0,37
164,CBS News,AHEAD: @CBSThisMorning reports from Washington State with the latest on the deadly train derailment. An Eagle Scout… https://t.co/eo7UaX3zoO,Tue Dec 19 11:30:01 +0000 2017,0.0,0.0,1.0,0.0,36
165,CBS News,Chinese government criticizes President Trump's decision to label Beijing a strategic rival and calls on Washington… https://t.co/BKCtoohElc,Tue Dec 19 11:20:01 +0000 2017,-0.34,0.0,0.862,0.138,35
166,CBS News,"Father, son drown when undertow takes them out to sea off California coast https://t.co/cMe1KH9QB1 https://t.co/dQVJY53DIy",Tue Dec 19 11:03:07 +0000 2017,-0.5719,0.0,0.791,0.209,34
167,CBS News,Bob Corker wants to know how a real estate provision wound up in final GOP tax plan https://t.co/LNmRAcLBOz https://t.co/7bGtfBWc2N,Tue Dec 19 10:48:05 +0000 2017,0.0,0.0,1.0,0.0,33
168,CBS News,2 horses killed as birthday celebration takes a tragic turn https://t.co/A2YSHvGop0 https://t.co/6e4uEEk5Lv,Tue Dec 19 10:33:09 +0000 2017,-0.8176,0.0,0.516,0.484,32
169,CBS News,Mayor resigns after using disabled parking placards which belonged to the deceased https://t.co/cuSJQrjapt https://t.co/OMLQtLsYHO,Tue Dec 19 10:18:08 +0000 2017,-0.3182,0.0,0.85,0.15,31
170,CBS News,"Arizona Senator John McCain tweets, ""I'm feeling well"" https://t.co/Tc3tSHM1sm https://t.co/bKa7FUsTBb",Tue Dec 19 10:03:05 +0000 2017,0.3818,0.31,0.69,0.0,30
171,CBS News,Ex-student avoids hate crime charge in campus body fluid smearing case https://t.co/mvWXdf2kdH https://t.co/DCnsm0LmBo,Tue Dec 19 09:48:05 +0000 2017,-0.836,0.0,0.529,0.471,29
172,CBS News,"Poll: Most Americans say ""Merry Christmas"" during holiday season https://t.co/RCjK5JzV6K https://t.co/qaaZS2A0Kg",Tue Dec 19 09:41:54 +0000 2017,0.7553,0.418,0.582,0.0,28
173,CBS News,Russian Soyuz brings three-man crew to space station https://t.co/GMs4pFrYrN https://t.co/yuQWRx0dSs,Tue Dec 19 09:32:08 +0000 2017,0.0,0.0,1.0,0.0,27
174,CBS News,FDA plans crackdown on homeopathic remedies https://t.co/ipv7JMPNTv https://t.co/SFoMEDlyk3,Tue Dec 19 09:18:09 +0000 2017,0.0,0.0,1.0,0.0,26
175,CBS News,Amtrak train that derailed was going 80 mph in 30 mph zone: NTSB https://t.co/iOOKnOYcBr https://t.co/eZnz5n7dEs,Tue Dec 19 09:12:04 +0000 2017,-0.34,0.0,0.854,0.146,25
176,CBS News,Controversial call helps Patriots nip Steelers in key game https://t.co/WJJZKdVFzj https://t.co/sqB3Ap0ujW,Tue Dec 19 09:03:05 +0000 2017,0.2023,0.194,0.672,0.134,24
177,CBS News,Danica Patrick and Ricky Stenhouse Jr. break up after 5 years https://t.co/33OurB85wC https://t.co/L4pXNyDuJw,Tue Dec 19 08:18:08 +0000 2017,0.0,0.0,1.0,0.0,23
178,CBS News,Vice President Mike Pence further delays trip to Middle East https://t.co/y8CuLkrXDf https://t.co/86E0Gfzah8,Tue Dec 19 08:03:06 +0000 2017,0.0,0.0,1.0,0.0,22
179,CBS News,Miss Iraq Universe threatened for selfie with Miss Israel https://t.co/dnL7BJ7Hfz https://t.co/tki8SRNDHR,Tue Dec 19 07:48:03 +0000 2017,-0.6369,0.0,0.563,0.437,21
180,CBS News,Police: Mom fatally stabbed; three kids in home unharmed https://t.co/dL2o0OFYMS https://t.co/JUyTVq8OWn,Tue Dec 19 07:33:05 +0000 2017,-0.7964,0.0,0.559,0.441,20
181,CBS News,"North Korea ""directly responsible"" for massive cyberattack: W.H. official https://t.co/leyhtXVvzJ https://t.co/WmaRBU1NrV",Tue Dec 19 07:18:07 +0000 2017,0.3182,0.187,0.813,0.0,19
182,CBS News,"Berkshire Hathaway shares hit $300,000 https://t.co/nBz9H1cqs3 https://t.co/LE0tECr4dD",Tue Dec 19 07:03:05 +0000 2017,0.296,0.268,0.732,0.0,18
183,CBS News,"Single mother of four says stranger ""saved Christmas"" with generous tip https://t.co/9VPrrjJynL https://t.co/fNjAZzPXxb",Tue Dec 19 06:48:04 +0000 2017,0.7269,0.357,0.643,0.0,17
184,CBS News,Neighbor recounts heartbreaking moments with mom and dying 2-year-old after shooting https://t.co/MhcBerJuDk https://t.co/I5WyReXZcY,Tue Dec 19 06:33:07 +0000 2017,-0.4588,0.0,0.8,0.2,16
185,CBS News,Bob Corker wants to know how a real estate provision wound up in final GOP tax plan https://t.co/FvnGfMrxKY https://t.co/pjyozU2Z6h,Tue Dec 19 06:18:05 +0000 2017,0.0,0.0,1.0,0.0,15
186,CBS News,Democratic Sens. Manchin and Leahy say Franken shouldn't have resigned https://t.co/bylq7dhKZc https://t.co/as4ixO3TmW,Tue Dec 19 06:03:04 +0000 2017,0.1877,0.137,0.863,0.0,14
187,CBS News,Lawsuit claims megachurch swindled elderly woman in Ohio https://t.co/LruycGjul1 https://t.co/RIiIt7xyBd,Tue Dec 19 05:48:04 +0000 2017,-0.2263,0.0,0.826,0.174,13
188,CBS News,Minnie Driver explains why she spoke out against Matt Damon's comments on sexual misconduct https://t.co/HHJ4afLInA https://t.co/k23J7jQqNX,Tue Dec 19 05:37:38 +0000 2017,0.0,0.0,1.0,0.0,12
189,CBS News,"Trump asked Duterte if Philippines has death penalty, Philippines ambassador says https://t.co/UVBecgdMkF https://t.co/GosAhKduGE",Tue Dec 19 05:28:08 +0000 2017,-0.7845,0.0,0.615,0.385,11
190,CBS News,Snoop Dogg hits back at George Zimmerman over Jay-Z threat https://t.co/TFY2ZtQO67 https://t.co/cj8ojoGWf5,Tue Dec 19 05:18:07 +0000 2017,-0.5267,0.0,0.764,0.236,10
191,CBS News,.@IAMMGraham commentary: Democrats may wish they'd supported Pres. Trump's tax reform bill https://t.co/vQsyBqB3Ig https://t.co/bUgWMkLtlf,Tue Dec 19 05:15:00 +0000 2017,0.6124,0.294,0.706,0.0,9
192,CBS News,Texas man sentenced for beheading wife in front of children https://t.co/SebdmWrOwo https://t.co/UqRkfX0Plm,Tue Dec 19 05:03:05 +0000 2017,-0.0258,0.0,0.909,0.091,8
193,CBS News,Alaska woman accused of driving a car into her boyfriend in Hawaii has been charged with attempted murder… https://t.co/A964q7PSqu,Tue Dec 19 04:45:01 +0000 2017,-0.4588,0.0,0.8,0.2,7
194,CBS News,.@pbump on how Trump's national security strategy connects with his core campaign messages: We've seen repeatedly i… https://t.co/thFPcSVxnr,Tue Dec 19 04:37:18 +0000 2017,0.34,0.124,0.876,0.0,6
195,CBS News,Vermont man who in a jealous rage doused his estranged wife with industrial-strength lye and burned her so badly sh… https://t.co/tyeJ1OK9ht,Tue Dec 19 04:15:01 +0000 2017,-0.8908,0.0,0.616,0.384,5
196,CBS News,"Colorado authorities are looking for Kimberlee Graves, 41, who was last seen at her home on the night of Dec. 4… https://t.co/CglEM1cNJG",Tue Dec 19 03:51:30 +0000 2017,-0.296,0.0,0.905,0.095,4
197,CBS News,"New research looks at different methods tested in the hopes of protecting brain health, and it comes to a dishearte… https://t.co/zfjvIGKTxn",Tue Dec 19 03:21:01 +0000 2017,0.4215,0.128,0.872,0.0,3
198,CBS News,"North Korea is behind the WannaCry cyberattack that plagued multiple industries earlier this year, according to Whi… https://t.co/tSOKzbapeb",Tue Dec 19 02:58:32 +0000 2017,0.0,0.0,1.0,0.0,2
199,CBS News,Only a few obstacles remain as the GOP moves closer to passing the $1.46 trillion tax plan https://t.co/2PKa8J3bJN https://t.co/alHolkac4k,Tue Dec 19 02:30:01 +0000 2017,-0.3818,0.0,0.867,0.133,1
200,CNN,"Just 33% of Americans say they favor Republican proposals to reform the nation's tax code.

55% now oppose it, disa… https://t.co/45vN8BAprF",Tue Dec 19 18:00:19 +0000 2017,0.4019,0.119,0.881,0.0,100
201,CNN,"The House is expected to vote on the final version of the GOP tax bill today.

Will it pass? Republicans have the v… https://t.co/hGKYvORr2F",Tue Dec 19 17:50:07 +0000 2017,0.0,0.0,1.0,0.0,99
202,CNN,A former Pentagon official who led a recently revealed government program to research potential UFOs said he believ… https://t.co/HAdVGevtkB,Tue Dec 19 17:40:04 +0000 2017,0.0,0.0,1.0,0.0,98
203,CNN,Facebook will now alert you when friends upload a photo of you to the social network -- even if you aren't tagged i… https://t.co/PCUi5mlmzU,Tue Dec 19 17:30:18 +0000 2017,0.6486,0.202,0.798,0.0,97
204,CNN,Here's a breakdown of the current 2018 tax brackets vs those in the GOP tax plan: https://t.co/Hz93T5rwQI https://t.co/yXtTG1Nf5a,Tue Dec 19 17:21:17 +0000 2017,0.0,0.0,1.0,0.0,96
205,CNN,Facebook said it would start demoting posts that exploit its algorithm by fishing for user engagement… https://t.co/59DUZSmJxi,Tue Dec 19 17:20:16 +0000 2017,-0.1027,0.0,0.92,0.08,95
206,CNN,A video capturing an unidentified object flying off the coast of San Diego in 2004 has been released by the US Depa… https://t.co/MqeQGlwBLM,Tue Dec 19 17:10:02 +0000 2017,0.0,0.0,1.0,0.0,94
207,CNN,Here are five things you need to know about Trump's national security strategy https://t.co/I7fdj0WJGz https://t.co/JyNZZMWjqI,Tue Dec 19 17:03:00 +0000 2017,0.34,0.146,0.854,0.0,93
208,CNN,The Hall of Presidents at the Magic Kingdom Park at Disney World in Florida is reopening today -- featuring a new r… https://t.co/eQqH0F9UTN,Tue Dec 19 17:00:03 +0000 2017,0.0,0.0,1.0,0.0,92
209,CNN,"The Winter Olympics, a royal wedding and really, really good movies: Here are 18 things you can look forward to in… https://t.co/8VPm3qj52v",Tue Dec 19 16:50:09 +0000 2017,0.5379,0.148,0.852,0.0,91
210,CNN,Atlanta is a top pick to host Amazon's second headquarters. But will a massive power outage at the city's airport i… https://t.co/44yyH9109o,Tue Dec 19 16:40:11 +0000 2017,0.2023,0.087,0.913,0.0,90
211,CNN,President Trump disputes a Washington Post story alleging that he considered pulling his nomination of Neil Gorsuch… https://t.co/yHhVD1aULi,Tue Dec 19 16:30:10 +0000 2017,-0.2732,0.0,0.884,0.116,89
212,CNN,"White House national security adviser H.R. McMaster on a nuclear North Korea: ""We can't tolerate that risk""… https://t.co/5mhfCY5bfA",Tue Dec 19 16:20:05 +0000 2017,0.34,0.13,0.87,0.0,88
213,CNN,John Legend cast as Jesus Christ in upcoming NBC live musical https://t.co/g5buGrwqMD https://t.co/EKi67dxYed,Tue Dec 19 16:10:14 +0000 2017,0.0,0.0,1.0,0.0,87
214,CNN,"House Speaker Paul Ryan says he has ""no concerns whatsoever"" about public opposition to the GOP tax bill… https://t.co/vgKb9uWtcw",Tue Dec 19 16:00:08 +0000 2017,-0.296,0.0,0.891,0.109,86
215,CNN,McDonald's plans to start selling a McVegan burger in hundreds of restaurants across Sweden and Finland… https://t.co/dSIN3F7f5s,Tue Dec 19 15:54:31 +0000 2017,0.0,0.0,1.0,0.0,85
216,CNN,K-pop fans are mourning the death of SHINee singer Kim Jong-hyun who died in an apparent suicide in Seoul… https://t.co/rL0GeCwskn,Tue Dec 19 15:49:11 +0000 2017,-0.9423,0.0,0.518,0.482,84
217,CNN,"The Amtrak train that derailed Monday in Washington state was traveling 80 mph in a 30 mph zone, the NTSB says… https://t.co/xfxgF6nsuX",Tue Dec 19 15:35:08 +0000 2017,-0.34,0.0,0.893,0.107,83
218,CNN,"House GOP leadership speaks ahead of today’s expected tax bill vote.

Watch live: https://t.co/UYpqI3w42L 

Read th… https://t.co/ACXwaFfvOw",Tue Dec 19 15:26:26 +0000 2017,0.0,0.0,1.0,0.0,82
219,CNN,7 reasons why Republicans may have made a bad bet on the tax bill | Analysis by @CillizzaCNN https://t.co/c1fAF9vckJ https://t.co/BXC1hmH5Bd,Tue Dec 19 15:20:16 +0000 2017,-0.5423,0.0,0.821,0.179,81
220,CNN,McDonald's plans to start selling a McVegan burger in hundreds of restaurants across Sweden and Finland… https://t.co/5bYTmtrHBF,Tue Dec 19 15:10:11 +0000 2017,0.0,0.0,1.0,0.0,80
221,CNN,"What will the tax bill mean for your wallet? Here are some of @CNNMoney's takeaways:

1. It could change your tax r… https://t.co/GWCzxKEAmx",Tue Dec 19 15:00:14 +0000 2017,0.0,0.0,1.0,0.0,79
222,CNN,White House officially blames North Korea for massive 'WannaCry' cyberattack https://t.co/fvCLCfP5uv https://t.co/0rQQQPQAaY,Tue Dec 19 14:50:07 +0000 2017,-0.4019,0.0,0.803,0.197,78
223,CNN,"President Trump's approval rating hits 35%, his worst mark yet in CNN polling.

His approval ratings continue to be… https://t.co/pNer5T6kdf",Tue Dec 19 14:40:08 +0000 2017,0.2732,0.227,0.623,0.15,77
224,CNN,"Just 33% of Americans say they favor Republican proposals to reform the nation's tax code.

55% now oppose it, disa… https://t.co/XipC1KhpOA",Tue Dec 19 14:30:06 +0000 2017,0.4019,0.119,0.881,0.0,76
225,CNN,Senate Intelligence Chairman Richard Burr says his committee is examining Green Party candidate Jill Stein's campai… https://t.co/a0Re4EM5Me,Tue Dec 19 14:20:07 +0000 2017,0.7003,0.279,0.721,0.0,75
226,CNN,"RT @NewDay: Rep. Tim Ryan on his opposition to GOP tax bill: ""A few people are going to get some crumbs but the wealthiest people in the co…",Tue Dec 19 14:10:47 +0000 2017,0.6486,0.137,0.863,0.0,74
227,CNN,"The House is expected to vote on the final version of the GOP tax bill today.

Will it pass? Republicans have the v… https://t.co/gIxLRSzH3h",Tue Dec 19 14:10:09 +0000 2017,0.0,0.0,1.0,0.0,73
228,CNN,President Donald Trump and his administration have been sending a message in recent weeks: Trump's campaign rhetori… https://t.co/ziXef1ZPwA,Tue Dec 19 14:03:30 +0000 2017,0.0,0.0,1.0,0.0,72
229,CNN,"5 things for Tuesday:

- Amtrak crash
- Trump nominee
- Austria
- Libya
- ESPN

https://t.co/ChagVKBu1P https://t.co/8tmBtPmtzY",Tue Dec 19 13:51:55 +0000 2017,-0.4019,0.0,0.803,0.197,71
230,CNN,"Is the science and technology seen in the ""Star Wars"" movies even remotely possible? Physicist Don Lincoln takes a… https://t.co/CR1KpHy6od",Tue Dec 19 13:51:45 +0000 2017,-0.5574,0.0,0.841,0.159,70
231,CNN,"2017 in politics, GIF-wrapped https://t.co/eMFmVESi4H https://t.co/9i8NKevFTW",Tue Dec 19 13:39:11 +0000 2017,0.0,0.0,1.0,0.0,69
232,CNN,A former Pentagon official who led a recently revealed government program to research potential UFOs said he believ… https://t.co/EoKYH9aYQN,Tue Dec 19 13:31:40 +0000 2017,0.0,0.0,1.0,0.0,68
233,CNN,The day Republicans have been looking for has arrived: The House is expected to vote on the GOP tax plan sometime t… https://t.co/WKdB5UCckV,Tue Dec 19 13:17:38 +0000 2017,0.0,0.0,1.0,0.0,67
234,CNN,The Saudi Arabia-led coalition fighting Houthi rebels in Yemen says it has intercepted a ballistic missile south of… https://t.co/0PG6Ji8AEc,Tue Dec 19 13:15:10 +0000 2017,-0.5106,0.0,0.788,0.212,66
235,CNN,A video capturing an unidentified object flying off the coast of San Diego in 2004 has been released by the US Depa… https://t.co/dR8KkFnnl5,Tue Dec 19 13:05:51 +0000 2017,0.0,0.0,1.0,0.0,65
236,CNN,US uses veto to block a UN Security Council resolution critical of Trump administration's recognition of Jerusalem… https://t.co/BTzE2MoA76,Tue Dec 19 13:05:20 +0000 2017,-0.4215,0.111,0.648,0.241,64
237,CNN,"RT @NewDay: Sen. John Kennedy talks about the GOP tax bill: ""We cleaned up some of the problems ... A lot of the stuff that never made sens…",Tue Dec 19 13:00:34 +0000 2017,-0.4019,0.0,0.906,0.094,63
238,CNN,Top architects take us on a tour of Miami’s art deco heritage https://t.co/FLUYKWirUR (via @CNNStyle) https://t.co/lhzxIma0wf,Tue Dec 19 12:53:28 +0000 2017,0.2023,0.114,0.886,0.0,62
239,CNN,Facebook said it would start demoting posts that exploit its algorithm by fishing for user engagement… https://t.co/oIgUynLfaS,Tue Dec 19 12:40:07 +0000 2017,-0.1027,0.0,0.92,0.08,61
240,CNN,"What is positive train control, and could it have prevented the Amtrak crash?
 https://t.co/BsttfwYrX6 https://t.co/PN0bmLaQrJ",Tue Dec 19 12:30:04 +0000 2017,0.25,0.242,0.619,0.139,60
241,CNN,"President Trump's approval rating hits 35%, his worst mark yet in CNN polling by one point. 

His approval ratings… https://t.co/ef8pvI6ctp",Tue Dec 19 12:20:10 +0000 2017,0.2732,0.227,0.623,0.15,59
242,CNN,"A few years ago, this Kenyan farmer was working odd jobs; now he mines cryptocurrencies from his living room… https://t.co/gmJxXfXpaY",Tue Dec 19 12:11:17 +0000 2017,-0.3182,0.0,0.887,0.113,58
243,CNN,The Saudi Arabia-led coalition fighting Houthi rebels in Yemen has said it intercepted a ballistic missile south of… https://t.co/qwo5fT8nSk,Tue Dec 19 12:11:16 +0000 2017,-0.5106,0.0,0.788,0.212,57
244,CNN,"With Doug Jones' upset victory in last week's Alabama US Senate race, Democrats are solidifying a new model for reb… https://t.co/WzD71K1dET",Tue Dec 19 12:10:49 +0000 2017,-0.3818,0.0,0.88,0.12,56
245,CNN,A former Pentagon official who led a recently revealed government program to research potential UFOs said he believ… https://t.co/tdmTC9ulpa,Tue Dec 19 11:55:05 +0000 2017,0.0,0.0,1.0,0.0,55
246,CNN,"The Amtrak train that derailed Monday in Washington state was traveling 80 mph in a 30 mph zone, the NTSB says.

At… https://t.co/4294IGZniB",Tue Dec 19 11:42:09 +0000 2017,-0.34,0.0,0.897,0.103,54
247,CNN,Meet the Kenyan inventors who created an app that can send distress signals to help save lives… https://t.co/zr6Tn8clPU,Tue Dec 19 11:35:06 +0000 2017,0.5423,0.312,0.553,0.134,53
248,CNN,"In Yemen, the markets have food, but children are starving to death https://t.co/VW86bq9ezB",Tue Dec 19 11:26:05 +0000 2017,-0.8765,0.0,0.549,0.451,52
249,CNN,"Just 33% of Americans say they favor Republican proposals to reform the nation's tax code.

55% now oppose it, disa… https://t.co/EYRtdc8hKC",Tue Dec 19 11:20:34 +0000 2017,0.4019,0.119,0.881,0.0,51
250,CNN,These airports have the happiest travelers https://t.co/49Z6jeGRZM https://t.co/f8u1Nc2ZJf,Tue Dec 19 11:17:56 +0000 2017,0.6369,0.375,0.625,0.0,50
251,CNN,This Chinese startup's electric SUV is a lot cheaper than Tesla's https://t.co/LMcPOtnrwS https://t.co/HeVuPha9W1,Tue Dec 19 11:04:36 +0000 2017,0.0,0.0,1.0,0.0,49
252,CNN,"Around 500 runners dressed up as Santa Claus for a charity run in Seoul, South Korea https://t.co/pv60FU2gaY",Tue Dec 19 10:52:05 +0000 2017,0.4215,0.157,0.843,0.0,48
253,CNN,K-pop fans are mourning the death of SHINee singer Kim Jong-hyun who died in an apparent suicide in Seoul… https://t.co/TuQ3XBWhNb,Tue Dec 19 10:38:44 +0000 2017,-0.9423,0.0,0.518,0.482,47
254,CNN,"The Amtrak train that derailed Monday in DuPont, Washington, was traveling 80 mph in a 30 mph zone, according to th… https://t.co/XkKh1ncUvK",Tue Dec 19 10:05:42 +0000 2017,-0.34,0.0,0.893,0.107,46
255,CNN,"Young female executives are still earning less than men. Of the highest-paid executives age 40 and under last year,… https://t.co/4l7jZjeQPY",Tue Dec 19 10:02:02 +0000 2017,0.0,0.0,1.0,0.0,45
256,CNN,"A few years ago, this Kenyan farmer was working odd jobs; now he mines cryptocurrencies from his living room… https://t.co/EQyMtNWddE",Tue Dec 19 09:51:11 +0000 2017,-0.3182,0.0,0.887,0.113,44
257,CNN,"China's embassy in Washington has responded to Trump's new security policy with a statement warning that ""confronta… https://t.co/WsVYzZWHTp",Tue Dec 19 09:25:28 +0000 2017,0.0,0.121,0.758,0.121,43
258,CNN,"Around 500 runners dressed up as Santa Claus for a charity run in Seoul, South Korea https://t.co/3N5pGlBmRt",Tue Dec 19 09:17:43 +0000 2017,0.4215,0.157,0.843,0.0,42
259,CNN,Top architects take us on a tour of Miami’s art deco heritage https://t.co/rsnLkd1QwX (via @CNNStyle) https://t.co/DKEMnPx5UR,Tue Dec 19 09:01:03 +0000 2017,0.2023,0.114,0.886,0.0,41
260,CNN,A former Pentagon official who led a recently revealed government program to research potential UFOs said he believ… https://t.co/NiYvqfuZaL,Tue Dec 19 08:44:06 +0000 2017,0.0,0.0,1.0,0.0,40
261,CNN,Facebook said it would start demoting posts that exploit its algorithm by fishing for user engagement… https://t.co/Rjc7fv29Q6,Tue Dec 19 08:31:03 +0000 2017,-0.1027,0.0,0.92,0.08,39
262,CNN,"The Trump administration is getting its second primetime parody with ""Our Cartoon President,"" an animated Showtime… https://t.co/cEn0dahkDO",Tue Dec 19 08:17:07 +0000 2017,0.0,0.0,1.0,0.0,38
263,CNN,"The Amtrak train that derailed Monday in DuPont, Washington, was traveling 80 mph in a 30 mph zone, according to th… https://t.co/SNWh0pWPti",Tue Dec 19 08:09:06 +0000 2017,-0.34,0.0,0.893,0.107,37
264,CNN,K-pop fans are mourning the death of SHINee singer Kim Jong-hyun who died in an apparent suicide in Seoul… https://t.co/uKU5PtsOjR,Tue Dec 19 08:07:04 +0000 2017,-0.9423,0.0,0.518,0.482,36
265,CNN,These airports have the happiest travelers https://t.co/GcnMo3AFTj https://t.co/kf5EswtXVn,Tue Dec 19 08:01:06 +0000 2017,0.6369,0.375,0.625,0.0,35
266,CNN,Can you imagine disco dancing on a plane or a mid-air gym workout? These ideas were once the future of flight… https://t.co/E7i27st8f7,Tue Dec 19 07:54:53 +0000 2017,0.0,0.0,1.0,0.0,34
267,CNN,An 18-year-old set the world record for the longest blindfolded slackline walk https://t.co/eu4Oz0CCWG https://t.co/ggbo7RkByZ,Tue Dec 19 07:42:57 +0000 2017,0.0,0.0,1.0,0.0,33
268,CNN,"This is 1 of 2 wooden North Korean “ghost ships” which drifted up on a beach in Akita, Japan, carrying the decompos… https://t.co/uzMJyewU24",Tue Dec 19 07:42:52 +0000 2017,0.0,0.0,1.0,0.0,32
269,CNN,President Donald Trump and his administration have been sending a message in recent weeks: Trump's campaign rhetori… https://t.co/7uPSN508ei,Tue Dec 19 07:31:08 +0000 2017,0.0,0.0,1.0,0.0,31
270,CNN,"Firefighters battling one of the biggest blazes in California's history hailed a ""productive day"" as weather condit… https://t.co/jy53Z2sDJF",Tue Dec 19 07:15:02 +0000 2017,-0.0516,0.1,0.789,0.111,30
271,CNN,Top architects join forces to build elaborate Gingerbread City https://t.co/zMqQ8YOrWO (via @CNNStyle) https://t.co/p4DunNRpor,Tue Dec 19 07:01:07 +0000 2017,0.4588,0.267,0.733,0.0,29
272,CNN,An Amtrak train derailed in Washington state killing at least three people and injuring more than 100 others… https://t.co/ZWHwaPculd,Tue Dec 19 06:44:10 +0000 2017,-0.7783,0.0,0.714,0.286,28
273,CNN,"Bombshell hacks were revealed one after another in 2017, from a massive Equifax breach to global ransom campaigns t… https://t.co/al9SlO5hwx",Tue Dec 19 06:38:03 +0000 2017,0.0,0.0,1.0,0.0,27
274,CNN,"A disagreement between Sarah Palin's eldest son, Track Palin, and his father turned violent when Track broke a wind… https://t.co/S5Yd462uz1",Tue Dec 19 06:31:04 +0000 2017,-0.8481,0.0,0.62,0.38,26
275,CNN,Here are five things you need to know about Trump's national security strategy https://t.co/5Ca1f7CnCj https://t.co/3OKyRt2Hlk,Tue Dec 19 06:25:27 +0000 2017,0.34,0.146,0.854,0.0,25
276,CNN,US uses veto to block a UN Security Council resolution critical of Trump administration's recognition of Jerusalem… https://t.co/ESpPCO7avI,Tue Dec 19 06:13:14 +0000 2017,-0.4215,0.111,0.648,0.241,24
277,CNN,"Is the science and technology seen in the ""Star Wars"" movies even remotely possible? Physicist Don Lincoln takes a… https://t.co/aJMDcA6guv",Tue Dec 19 06:01:03 +0000 2017,-0.5574,0.0,0.841,0.159,23
278,CNN,"Young female executives are still earning less than men. Of the highest-paid executives age 40 and under last year,… https://t.co/6rt8LNm9CG",Tue Dec 19 05:54:53 +0000 2017,0.0,0.0,1.0,0.0,22
279,CNN,"Bombshell hacks were revealed one after another in 2017, from a massive Equifax breach to global ransom campaigns t… https://t.co/q2fMstnbES",Tue Dec 19 05:46:03 +0000 2017,0.0,0.0,1.0,0.0,21
280,CNN,"A few years ago, this Kenyan farmer was working odd jobs; now he mines cryptocurrencies from his living room… https://t.co/vl4rqZLr8N",Tue Dec 19 05:38:32 +0000 2017,-0.3182,0.0,0.887,0.113,20
281,CNN,"The power is back on at Atlanta's Hartsfield-Jackson airport, but the question remains: Why did the busiest airport… https://t.co/wuNjdC2Mqb",Tue Dec 19 05:31:06 +0000 2017,0.0,0.0,1.0,0.0,19
282,CNN,"In June, Uber rolled out 38 new features as a part of a ""180 Days of Change"" pledge. Are drivers happier?… https://t.co/GVQbLdLEkn",Tue Dec 19 05:21:22 +0000 2017,0.0,0.0,1.0,0.0,18
283,CNN,"The Trump administration is getting its second primetime parody with ""Our Cartoon President,"" an animated Showtime… https://t.co/oHIYhownUK",Tue Dec 19 05:16:07 +0000 2017,0.0,0.0,1.0,0.0,17
284,CNN,This Chinese startup's electric SUV is a lot cheaper than Tesla's https://t.co/P5w6Ms9LpZ https://t.co/I6oyPK6WJS,Tue Dec 19 05:09:49 +0000 2017,0.0,0.0,1.0,0.0,16
285,CNN,A new exhibition that portrays Vladimir Putin as a superhero has opened in Moscow as the Russian leader prepares fo… https://t.co/KdfHsCQqM2,Tue Dec 19 05:02:52 +0000 2017,0.0,0.0,1.0,0.0,15
286,CNN,"RT @CNNTonight: Tavis Smiley says PBS had rushed to judgement after sexual misconduct allegations, ""the bottom-line is they did a sloppy in…",Tue Dec 19 04:56:51 +0000 2017,0.4019,0.119,0.881,0.0,14
287,CNN,President Trump's first tweet on the train crash in Washington state played politics | Analysis by CNN's Chris Cill… https://t.co/dfKXfkuRvR,Tue Dec 19 04:46:03 +0000 2017,-0.0772,0.109,0.769,0.122,13
288,CNN,K-pop fans are mourning the death of SHINee singer Kim Jong-hyun who died in an apparent suicide in Seoul… https://t.co/Q9vweA0UC3,Tue Dec 19 04:36:50 +0000 2017,-0.9423,0.0,0.518,0.482,12
289,CNN,Corporate America will have even fewer women leading America's largest companies going into 2018… https://t.co/vgsMtDSexP,Tue Dec 19 04:31:02 +0000 2017,0.0,0.0,1.0,0.0,11
290,CNN,"Twitter has suspended three accounts tied to far-right group Britain First, including one that President Trump retw… https://t.co/cGG5ejV7nM",Tue Dec 19 04:16:06 +0000 2017,-0.4767,0.0,0.846,0.154,10
291,CNN,"What will the tax bill mean for your wallet? Here are some of @CNNMoney's takeaways:

1. It could change your tax r… https://t.co/Zb6uYdAnkd",Tue Dec 19 04:02:56 +0000 2017,0.0,0.0,1.0,0.0,9
292,CNN,"White House homeland security adviser Tom Bossert said the United States believes North Korea was behind the ""Wanna… https://t.co/dWIdG0enbR",Tue Dec 19 04:01:05 +0000 2017,0.6369,0.234,0.766,0.0,8
293,CNN,"RT @CNNTonight: ""There's a huge disconnect between the national security strategy that was announced today ... and what Donald Trump, himse…",Tue Dec 19 03:57:20 +0000 2017,0.5719,0.207,0.793,0.0,7
294,CNN,"Despite some calls for Sen. Al Franken to stay, Senate Democrats are largely ready to move on… https://t.co/Na3Ap9MMU6",Tue Dec 19 03:46:06 +0000 2017,0.3612,0.128,0.872,0.0,6
295,CNN,Here’s a comparison between the current 2018 tax brackets vs. the GOP tax plan https://t.co/oLEvbeRyQ3 https://t.co/yJOnWEgLKN,Tue Dec 19 03:31:12 +0000 2017,0.0,0.0,1.0,0.0,5
296,CNN,Senate Intelligence Chairman Richard Burr says his committee is examining Green Party candidate Jill Stein's campai… https://t.co/4Gc2Wy9sqx,Tue Dec 19 03:23:06 +0000 2017,0.7003,0.279,0.721,0.0,4
297,CNN,The new tax code will still be complicated despite the GOP's promise to simplify https://t.co/gnvUQGrESl https://t.co/j2bIFi6QhT,Tue Dec 19 03:15:16 +0000 2017,-0.2411,0.0,0.884,0.116,3
298,CNN,"ESPN president John Skipper resigns, citing a substance addiction. He joined the network in 1997 and became its pre… https://t.co/6iJiC9xAzr",Tue Dec 19 03:13:34 +0000 2017,-0.3182,0.0,0.887,0.113,2
299,CNN,A former Pentagon official who led a recently revealed government program to research potential UFOs said he believ… https://t.co/OWLzFXPIx9,Tue Dec 19 03:00:40 +0000 2017,0.0,0.0,1.0,0.0,1
300,Fox News,Congress votes on tax bill: What the 'Tax Cuts and Jobs Act' means for you https://t.co/azZHQsumcA,Tue Dec 19 18:01:25 +0000 2017,-0.296,0.0,0.872,0.128,100
301,Fox News,OPINION: Haters gonna hate? Taylor Swift had a great year -- shake it off https://t.co/xyL8tYQdHd,Tue Dec 19 17:47:44 +0000 2017,-0.4019,0.251,0.383,0.366,99
302,Fox News,Doug Schoen: Why Trump is smart to not fire Mueller (via @FoxNewsOpinion) https://t.co/GzBJrrP7Qc,Tue Dec 19 17:30:28 +0000 2017,0.577,0.301,0.699,0.0,98
303,Fox News,"Hillary Clinton campaign, DNC accused of 'corrupt' money scheme in new FEC complaint https://t.co/JOYMOIxkZU",Tue Dec 19 17:20:27 +0000 2017,-0.5267,0.0,0.732,0.268,97
304,Fox News,"FBI’s McCabe faces GOP calls for ouster, ahead of closed-door testimony https://t.co/Ya0WLoYCB3",Tue Dec 19 17:20:07 +0000 2017,0.0,0.0,1.0,0.0,96
305,Fox News,THEY SAID 'YES!' A Wisconsin firefighter had a special question for his girlfriend and her two-year-old daughter.… https://t.co/B91TQK8eJO,Tue Dec 19 17:04:43 +0000 2017,0.4574,0.166,0.834,0.0,95
306,Fox News,"Half of Americans Think Their Taxes Will Go Up Under GOP Plan, Poll Shows https://t.co/KwckUDdF56",Tue Dec 19 16:46:16 +0000 2017,0.0,0.0,1.0,0.0,94
307,Fox News,"Hillary Clinton campaign, DNC accused of 'corrupt' money scheme in new FEC complaint (via @perrych)  https://t.co/VIbdu7zW3n",Tue Dec 19 16:41:34 +0000 2017,-0.5267,0.0,0.761,0.239,93
308,Fox News,".@KevinJacksonTBS: ""Everything [@realDonaldTrump] is touching, for the most part, has turned to gold."" https://t.co/EHBFiVG0dF",Tue Dec 19 16:23:18 +0000 2017,0.0,0.0,1.0,0.0,92
309,Fox News,UK Christmas markets feature armed police and bollards to counter terror threat https://t.co/ghc9o4U1aK #FoxNewsWorld (via @christocarbone),Tue Dec 19 16:20:00 +0000 2017,-0.7783,0.0,0.673,0.327,91
310,Fox News,".@jameshohmann on the tax bill: ""This is a huge political victory for Republicans."" https://t.co/wo03KfZQCi",Tue Dec 19 16:18:07 +0000 2017,0.3182,0.161,0.839,0.0,90
311,Fox News,"Boy calls 911 to report Grinch, 'because the Grinch is going to steal Christmas, OK?' https://t.co/RodDex960Y",Tue Dec 19 16:15:02 +0000 2017,-0.4939,0.0,0.824,0.176,89
312,Fox News,Ex-professor who wrote pro-intifada kids' book says 'Christmas is a Palestinian festival' https://t.co/LZaRo0c9mn,Tue Dec 19 16:13:35 +0000 2017,0.4939,0.225,0.775,0.0,88
313,Fox News,"Amazing alien mineral discovery: Site of 60 million-year-old meteorite strike stuns scientists
https://t.co/u7qnTHFPeo",Tue Dec 19 16:10:04 +0000 2017,0.5267,0.299,0.61,0.091,87
314,Fox News,Disney World’s animatronic Trump robot for the Hall of Presidents isn't winning any fans on Twitter https://t.co/7jjBNZuXF9,Tue Dec 19 15:45:30 +0000 2017,-0.4168,0.0,0.852,0.148,86
315,Fox News,"A rower paddles along the Naviglio canal decorated with Christmas lights in Milan, #Italy. https://t.co/LymI99dTU0",Tue Dec 19 15:42:25 +0000 2017,0.0,0.0,1.0,0.0,85
316,Fox News,Sarah Sanders: Democrats Should Have Been Begging to Be a Part of Tax Reform https://t.co/POEliQFNUp,Tue Dec 19 15:37:52 +0000 2017,0.0,0.0,1.0,0.0,84
317,Fox News,".@SpeakerRyan on the tax bill: ""This is going to make such a positive difference in the lives everyday working Amer… https://t.co/qU75nmK4NF",Tue Dec 19 15:30:06 +0000 2017,0.5574,0.159,0.841,0.0,83
318,Fox News,".@SpeakerRyan on the tax bill: ""This is about expanding opportunity to people who are striving to make the most of… https://t.co/MJnnKVLfQ5",Tue Dec 19 15:26:07 +0000 2017,0.4215,0.123,0.877,0.0,82
319,Fox News,".@ChrisStirewalt on the Democrats: ""They won on ObamaCare, they won on a couple of appointments but they were not n… https://t.co/bOWwxBazwx",Tue Dec 19 15:16:31 +0000 2017,0.5719,0.207,0.793,0.0,81
320,Fox News,"Florida toddler caught up in mall brawl after mom kicks woman in face while pushing stroller, video shows https://t.co/5AEMIjmnkZ",Tue Dec 19 14:56:00 +0000 2017,0.0,0.0,1.0,0.0,80
321,Fox News,".@RichLowry: ""People on the left fear and loath this president, look at his twitter feed and say 'he's a wild-eyed… https://t.co/aSaWmnr9XR",Tue Dec 19 14:51:33 +0000 2017,-0.4939,0.0,0.856,0.144,79
322,Fox News,.@TheJuanWilliams: The ground shifts on immigration https://t.co/xMqobVLR1z,Tue Dec 19 14:45:02 +0000 2017,0.0,0.0,1.0,0.0,78
323,Fox News,Animatronic #Trump Joins Disney World's Hall of Presidents https://t.co/OT8EX1n8bs,Tue Dec 19 14:36:42 +0000 2017,0.0,0.0,1.0,0.0,77
324,Fox News,"Trump predicts economic boom as final tax bill heads for House, Senate - via @brookefoxnews
https://t.co/wlsGLxzVfW",Tue Dec 19 14:08:58 +0000 2017,0.0,0.0,1.0,0.0,76
325,Fox News,"Trump predicts economic boom as final tax bill heads for House, Senate https://t.co/GuL5ZK4wV4",Tue Dec 19 14:06:31 +0000 2017,0.0,0.0,1.0,0.0,75
326,Fox News,LETTING LOOSE DURING LAYOVER: Two young girls took to dancing to pass the time during a layover at a Dallas airport… https://t.co/07KOuHrhFd,Tue Dec 19 14:03:41 +0000 2017,-0.4648,0.0,0.862,0.138,74
327,Fox News,".@PressSec: ""[@realDonaldTrump] has been a tremendous leader when it comes to growing our economy... and putting Am… https://t.co/h8AWjLCwQD",Tue Dec 19 13:51:21 +0000 2017,0.1779,0.096,0.904,0.0,73
328,Fox News,".@PressSec on the tax bill: ""This is a huge deal for America. This is something that we've seen just talking about… https://t.co/uh1p3TFDFg",Tue Dec 19 13:47:54 +0000 2017,0.3182,0.103,0.897,0.0,72
329,Fox News,".@PressSec: ""This is a president who has unleashed the military power of the United States... it's a great and a ve… https://t.co/xdHFWM2UPM",Tue Dec 19 13:47:33 +0000 2017,0.7845,0.289,0.711,0.0,71
330,Fox News,.@MartinOMalley on Democrats in 2018: “We need to win back our states if we’re going to save the United States.”… https://t.co/bQsJAb51we,Tue Dec 19 13:29:39 +0000 2017,0.8689,0.353,0.647,0.0,70
331,Fox News,Archaeologists discover child graves at ancient site in Egypt https://t.co/4GbAeQzOvq,Tue Dec 19 13:18:17 +0000 2017,-0.296,0.0,0.804,0.196,69
332,Fox News,"Eddie Edwards on @foxandfriends: Growing up, I didn’t know if I was very conservative or liberal, I just knew Ameri… https://t.co/WGZgBcgiII",Tue Dec 19 13:14:33 +0000 2017,0.1779,0.091,0.909,0.0,68
333,Fox News,"Eddie Edwards on @foxandfriends: “This is a wonderful place to live, a wonderful place that gives opportunities to… https://t.co/b42fTvFdIb",Tue Dec 19 13:08:59 +0000 2017,0.875,0.417,0.583,0.0,67
334,Fox News,'Star Wars: The Last Jedi' actress cries overhearing strangers talk about her character https://t.co/AXhnJd6nhm,Tue Dec 19 12:56:07 +0000 2017,-0.743,0.0,0.656,0.344,66
335,Fox News,"DOW rises 5,000 points in a year for first time https://t.co/BXkVsugOnt",Tue Dec 19 12:49:57 +0000 2017,0.0,0.0,1.0,0.0,65
336,Fox News,"Melania Trump's Popularity Soars, Majority Now View Her Favorably, Poll Shows https://t.co/r9JBbWtJ8B",Tue Dec 19 12:49:01 +0000 2017,0.6908,0.363,0.637,0.0,64
337,Fox News,".@newtgingrich on tax reform: ""The Democrats who vote no this week are going to pay a price this fall."" https://t.co/BEtKiGVoHi",Tue Dec 19 12:39:53 +0000 2017,-0.3818,0.0,0.825,0.175,63
338,Fox News,".@KevinJacksonTBS: ""Everything [@realDonaldTrump] is touching, for the most part, has turned to gold."" https://t.co/DjUB7QNZB6",Tue Dec 19 12:34:10 +0000 2017,0.0,0.0,1.0,0.0,62
339,Fox News,"Net Neutrality's impact on free porn could be significant, experts say https://t.co/RNvw5UNpbM #FNTech (via @christocarbone @FoxNewsTech)",Tue Dec 19 12:24:00 +0000 2017,0.6249,0.267,0.733,0.0,61
340,Fox News,"Sean ‘Diddy’ Combs eyes Carolina Panthers, wants to sign Kaepernick https://t.co/C78zRocyjh https://t.co/BkkghW1FbM",Tue Dec 19 12:20:35 +0000 2017,0.0,0.0,1.0,0.0,60
341,Fox News,".@GroverNorquist on tax reform: ""This is a huge step forward."" https://t.co/j9M32GfWKK",Tue Dec 19 12:13:38 +0000 2017,0.3182,0.204,0.796,0.0,59
342,Fox News,".@Judgenap on the special counsel: ""If the president fires Mueller... somebody else will pick up the reins. The inv… https://t.co/YuMRv6E75t",Tue Dec 19 12:11:34 +0000 2017,0.4019,0.124,0.876,0.0,58
343,Fox News,Trump administration seeks to block immigrant teen from having abortion https://t.co/ESuURXtRXn,Tue Dec 19 12:02:42 +0000 2017,-0.4404,0.0,0.775,0.225,57
344,Fox News,OPINION: A former Navy SEAL's Christmas wish: Our homeless veterans need your help (via @FoxNewsOpinion) https://t.co/QtJuJTYubX,Tue Dec 19 11:40:28 +0000 2017,0.6597,0.293,0.707,0.0,56
345,Fox News,"2nd Lt. Robert McCoy, soldier who helped save train passengers: ""I couldn't afford to be scared, I couldn't afford… https://t.co/mqdSDQl94z",Tue Dec 19 11:38:09 +0000 2017,0.0772,0.139,0.736,0.126,55
346,Fox News,"Kerry B. Harvey: ""Selling heroin and selling fentanyl on the streets is not a victimless crime, it's not a non-viol… https://t.co/ref91Ycopp",Tue Dec 19 11:33:04 +0000 2017,-0.2008,0.121,0.681,0.198,54
347,Fox News,.@AlanDersh: @POTUS doesn't need to fire Mueller - here's why https://t.co/HYsHdmKICt,Tue Dec 19 11:30:00 +0000 2017,0.2584,0.184,0.816,0.0,53
348,Fox News,".@KironSkinner: ""When you read the national security strategy it is highly consistent with what the president campa… https://t.co/kUjfOc7zlF",Tue Dec 19 11:20:51 +0000 2017,0.34,0.124,0.876,0.0,52
349,Fox News,LETTING LOOSE DURING LAYOVER: Two young girls took to dancing to pass the time during a layover at a Dallas airport… https://t.co/AzPyBfEtP8,Tue Dec 19 11:00:03 +0000 2017,-0.4648,0.0,0.862,0.138,51
350,Fox News,".@TheWorldsFrates: ""The media has become essentially an extended arm of the DNC, they are going to push anything De… https://t.co/7ul2FAW6ZC",Tue Dec 19 10:59:19 +0000 2017,0.0,0.0,1.0,0.0,50
351,Fox News,"RT @foxandfriends: Coming up...!
@Judgenap
@GroverNorquist
@KevinJacksonTBS
@newtgingrich
@Jim_Jordan
@MartinOMalley
@PressSec https://t.co…",Tue Dec 19 10:58:40 +0000 2017,0.0,0.0,1.0,0.0,49
352,Fox News,House to vote on historic tax reform bill today https://t.co/7bIFwV33u3,Tue Dec 19 10:54:48 +0000 2017,0.0,0.0,1.0,0.0,48
353,Fox News,"Dr. Rebecca Grant: ""I care about the climate, but climate change doesn't have to be in this national security strat… https://t.co/IPwxjNEDWf",Tue Dec 19 10:51:30 +0000 2017,0.714,0.279,0.721,0.0,47
354,Fox News,White House says North Korea was behind massive ‘WannaCry’ cyberattack in May https://t.co/k2JwoLHS6G https://t.co/kj48riiZ2V,Tue Dec 19 10:43:47 +0000 2017,0.0,0.0,1.0,0.0,46
355,Fox News,"U.S. Marines from III-Marine Expeditionary Force from Okinawa, Japan, run on the snow to attend a joint military wi… https://t.co/1neTiWiCI3",Tue Dec 19 10:41:40 +0000 2017,0.0,0.0,1.0,0.0,45
356,Fox News,"Amtrak train was traveling at 80 mph in 30 mph zone, NTSB says https://t.co/Su4DEkzrLG https://t.co/EaDwDuAjud",Tue Dec 19 10:39:35 +0000 2017,0.0,0.0,1.0,0.0,44
357,Fox News,"Sean ‘Diddy’ Combs eyes Carolina Panthers, wants to sign Kaepernick https://t.co/C78zRocyjh",Tue Dec 19 10:33:20 +0000 2017,0.0,0.0,1.0,0.0,43
358,Fox News,".@jessebwatters on @POTUS's national security plan: ""I think [@POTUS] was...saying he's here to ignite a reawakenin… https://t.co/q6U3QXEUon",Tue Dec 19 10:30:02 +0000 2017,0.34,0.138,0.862,0.0,42
359,Fox News,"Bob Carey: ""This president has invested personally in this national security strategy... and has brought over the p… https://t.co/2iEvPpc0bi",Tue Dec 19 10:19:09 +0000 2017,0.34,0.118,0.882,0.0,41
360,Fox News,Man Arrested After Ramming Gate at UK Air Base Used by @usairforce https://t.co/W56ugudZkq https://t.co/JB6bmMhNHP,Tue Dec 19 10:12:10 +0000 2017,-0.4767,0.0,0.807,0.193,40
361,Fox News,"Florida attorney visited jail to make porn with inmate, sheriff says https://t.co/2iwSzb4vaY",Tue Dec 19 10:00:01 +0000 2017,0.0,0.0,1.0,0.0,39
362,Fox News,"Trump listening to 'hardliners,' China's news agency says https://t.co/vQWn0KWyca",Tue Dec 19 09:54:17 +0000 2017,0.0,0.0,1.0,0.0,38
363,Fox News,"Trump allies ripping Mueller while president cooperates, but are they going too far? https://t.co/nCjbP1uwQv via @HowardKurtz @MediaBuzzFNC",Tue Dec 19 09:04:00 +0000 2017,0.0,0.0,1.0,0.0,37
364,Fox News,"A Maryland firefighter saved a freezing dog from an icy river.  Now, the pup may really become this man's best frie… https://t.co/wZ4OrAp2ze",Tue Dec 19 08:30:03 +0000 2017,0.765,0.276,0.669,0.055,36
365,Fox News,"Amtrak train was traveling at 80 mph in 30 mph zone before derailment, NTSB says https://t.co/Su4DEkzrLG via… https://t.co/tym4n6w8rK",Tue Dec 19 08:20:59 +0000 2017,0.0,0.0,1.0,0.0,35
366,Fox News,"Girl asks Santa for blanket, food in heartbreaking Christmas letter https://t.co/ZPME3ZklA5",Tue Dec 19 08:00:01 +0000 2017,-0.4588,0.0,0.769,0.231,34
367,Fox News,"Amtrak line lacked Positive Train Control safety system, official says https://t.co/ShMt51YKlC via @LukasMikelionis",Tue Dec 19 07:45:00 +0000 2017,0.7506,0.368,0.632,0.0,33
368,Fox News,Twitter begins purge of far-right accounts as new hate speech rules take effect https://t.co/gVk5lV40zr,Tue Dec 19 07:30:00 +0000 2017,-0.5719,0.0,0.778,0.222,32
369,Fox News,Lawmaker demands investigation into report Obama WH undermined anti-Hezbollah task force https://t.co/RSu37rMvln,Tue Dec 19 07:00:02 +0000 2017,-0.3612,0.0,0.815,0.185,31
370,Fox News,.@WhiteHouse says North Korea was behind massive ‘WannaCry’ cyberattack in May https://t.co/H7QT3CSanM,Tue Dec 19 06:30:00 +0000 2017,0.0,0.0,1.0,0.0,30
371,Fox News,Local Washington mayor feared deadly accidents weeks before Amtrak derailment https://t.co/fKqBvGpcQ7,Tue Dec 19 06:00:00 +0000 2017,-0.6705,0.0,0.621,0.379,29
372,Fox News,".@dbongino on @POTUS 'putting America first': ""Patriotism, pride, 'America first'. @JudgeJeanine, these are things… https://t.co/gY48aKTo3n",Tue Dec 19 05:30:06 +0000 2017,0.34,0.146,0.854,0.0,28
373,Fox News,Amtrak train was supposed to go 30 mph around curve before derailment: report https://t.co/E85o2WMiiq,Tue Dec 19 05:00:01 +0000 2017,0.0,0.0,1.0,0.0,27
374,Fox News,"Next year, we will see a black hole for the first time ever https://t.co/DzXbqkuR4R",Tue Dec 19 04:46:15 +0000 2017,0.0,0.0,1.0,0.0,26
375,Fox News,".@David_Bossie: ""This economy is on [@POTUS'] back. He is carrying it through deregulation &amp; through the sheer forc… https://t.co/FIEDFUAzon",Tue Dec 19 04:30:06 +0000 2017,0.0,0.0,1.0,0.0,25
376,Fox News,OPINION: Trump shuts down ginned-up liberal 'uprising' in three words https://t.co/cbBhEwqCDH,Tue Dec 19 04:20:00 +0000 2017,0.0,0.0,1.0,0.0,24
377,Fox News,".@jessebwatters on @POTUS's national security plan: ""I think [@POTUS] was...saying he's here to ignite a reawakenin… https://t.co/ZZgoGgF2S2",Tue Dec 19 04:10:05 +0000 2017,0.34,0.138,0.862,0.0,23
378,Fox News,Testimony of DOJ official with ties to Fusion GPS pushed back https://t.co/PzuBQp1Uzf,Tue Dec 19 03:59:04 +0000 2017,0.0,0.0,1.0,0.0,22
379,Fox News,Lawmaker demands investigation into report @BarackObama White House undermined anti-Hezbollah task force https://t.co/R2D3CI8qMD,Tue Dec 19 03:55:24 +0000 2017,-0.3612,0.0,0.828,0.172,21
380,Fox News,"Florida attorney visited jail to make porn with inmate, sheriff says https://t.co/AUtqY9nHR3",Tue Dec 19 03:50:15 +0000 2017,0.0,0.0,1.0,0.0,20
381,Fox News,"During an unveiling of his 'America First' plan Monday, @POTUS said: “A nation without borders is not a nation.”… https://t.co/MA8oPg1tqh",Tue Dec 19 03:46:00 +0000 2017,0.0,0.0,1.0,0.0,19
382,Fox News,LETTING LOOSE DURING LAYOVER: Two young girls took to dancing to pass the time during a layover at a Dallas airport… https://t.co/CAAvvcrkW5,Tue Dec 19 03:35:05 +0000 2017,-0.4648,0.0,0.862,0.138,18
383,Fox News,"On @foxandfriends Monday, @IvankaTrump spoke about how ""tremendously important"" tax reform is for Americans.… https://t.co/5ffvTtcc5E",Tue Dec 19 03:28:03 +0000 2017,0.2716,0.13,0.87,0.0,17
384,Fox News,".@KimStrassel on perceived bias of Russia probe investigators: ""[Mueller's] done this to himself by choosing them a… https://t.co/YDaKiNy1QX",Tue Dec 19 03:19:32 +0000 2017,-0.1027,0.0,0.924,0.076,16
385,Fox News,.@Amtrak train was supposed to go 30 mph around curve before derailment: report  ( —via @RyanGaydos ) https://t.co/QTu2KhVINE,Tue Dec 19 03:10:02 +0000 2017,0.0,0.0,1.0,0.0,15
386,Fox News,"A Maryland firefighter saved a freezing dog from an icy river.  Now, the pup may really become this man's best frie… https://t.co/peu41wmYQa",Tue Dec 19 03:07:30 +0000 2017,0.765,0.276,0.669,0.055,14
387,Fox News,".@dbongino on @POTUS 'putting America first': ""Patriotism, pride, 'America first'. @JudgeJeanine, these are things… https://t.co/lRJw3xjYl5",Tue Dec 19 03:00:18 +0000 2017,0.34,0.146,0.854,0.0,13
388,Fox News,Tavis Smiley says he still doesn't know why he was suspended by PBS https://t.co/6YOKCPSUx7,Tue Dec 19 02:54:00 +0000 2017,-0.1027,0.152,0.674,0.174,12
389,Fox News,Amtrak's deadliest crashes in recent years https://t.co/agXiipXnbo,Tue Dec 19 02:46:58 +0000 2017,0.0,0.0,1.0,0.0,11
390,Fox News,".@AlanDersh on Mueller probe: ""We want an open, public inquiry, a bipartisan inquiry to make sure the Russians neve… https://t.co/NpVENbVE2z",Tue Dec 19 02:32:46 +0000 2017,0.3818,0.175,0.825,0.0,10
391,Fox News,".@DouglasESchoen on possible FBI bias in Mueller probe:  ""We are leading to a constitutional crisis where people do… https://t.co/9KTsWZDXza",Tue Dec 19 02:20:19 +0000 2017,-0.6705,0.0,0.744,0.256,9
392,Fox News,"Melania Trump's Popularity Soars, Majority Now View Her Favorably, Poll Shows https://t.co/eYp6xa7nO7",Tue Dec 19 02:10:00 +0000 2017,0.6908,0.363,0.637,0.0,8
393,Fox News,".@MarkSteynOnline on perceived bias in Russia investigation: ""Mueller can't win now. In fact, the country can't.""… https://t.co/sQzwcYle2W",Tue Dec 19 02:08:27 +0000 2017,-0.538,0.0,0.77,0.23,7
394,Fox News,".@MarkSteynOnline on Robert Mueller: ""He's not independent. He's the insider's insider."" #Tucker… https://t.co/Y66bw68E9T",Tue Dec 19 01:58:40 +0000 2017,0.0,0.0,1.0,0.0,6
395,Fox News,"George Zimmmerman reportedly threatens Jay-Z, prompts Snoop Dogg response https://t.co/6jiPNkawgJ",Tue Dec 19 01:54:39 +0000 2017,-0.3818,0.0,0.776,0.224,5
396,Fox News,".@tavissmiley: ""If this does, in fact, end up in court, millions of taxpayer dollars are going to be spent by @PBS… https://t.co/uDKw2xMe60",Tue Dec 19 01:37:27 +0000 2017,0.0,0.0,1.0,0.0,4
397,Fox News,".@tavissmiley on @PBS handling of misconduct accusations against him: ""They made a huge mistake. They've engaged in… https://t.co/IX28rd6gxw",Tue Dec 19 01:26:57 +0000 2017,0.0772,0.22,0.573,0.207,3
398,Fox News,"""I'm a conversationalist, but it's tough to have a three-hour conversation without knowing what you're really talki… https://t.co/WkypV6nraN",Tue Dec 19 01:21:10 +0000 2017,-0.1901,0.0,0.896,0.104,2
399,Fox News,"""It's mind-boggling to me that they've...played this game of pick-and-choose of who they actually want to talk to.""… https://t.co/yXfd00r3UB",Tue Dec 19 01:15:24 +0000 2017,0.0772,0.067,0.933,0.0,1
400,The New York Times,"The jobs were the best they’d ever have: collecting union wages at Ford, one of America’s most storied companies. B… https://t.co/18hGyKmO18",Tue Dec 19 18:00:20 +0000 2017,0.6369,0.174,0.826,0.0,100
401,The New York Times,Experiments to make lethal viruses more deadly will receive federal funding after a ban was lifted https://t.co/zxtwGMAU4q,Tue Dec 19 17:46:07 +0000 2017,-0.5574,0.0,0.806,0.194,99
402,The New York Times,"RT @arappeport: He paced the Senate balcony, he talked it over with his wife. Senator Bob Corker, a die-hard deficit hawk, explains how dee…",Tue Dec 19 17:31:09 +0000 2017,-0.4019,0.0,0.891,0.109,98
403,The New York Times,"Before he tried to bomb the New York City subway, Akayed Ullah visited a Rohingya refugee camp in his native Bangla… https://t.co/TADumJHVUr",Tue Dec 19 17:16:09 +0000 2017,-0.4939,0.0,0.862,0.138,97
404,The New York Times,The New York Times examined decades of sexual harassment inside 2 Ford plants https://t.co/EBt30tBSjN,Tue Dec 19 17:01:08 +0000 2017,-0.5423,0.0,0.774,0.226,96
405,The New York Times,The debate on the final $1.5 trillion tax bill has begun in the House ahead of an expected vote https://t.co/T7iy5UCdJO,Tue Dec 19 16:46:02 +0000 2017,0.0,0.0,1.0,0.0,95
406,The New York Times,"RT @nytimesarts: Here's a sneak peek at the all-female ""Ocean's 8."" https://t.co/M58yJgXuNC",Tue Dec 19 16:31:10 +0000 2017,0.0,0.0,1.0,0.0,94
407,The New York Times,The Amtrak train was speeding 50 mph over the speed limit at the time of a fatal crash in Washington State https://t.co/VA1CUWxtDF,Tue Dec 19 16:16:05 +0000 2017,-0.7351,0.0,0.754,0.246,93
408,The New York Times,"RT @sewellchan: For every gunman and terrorist out there, there are vastly more courageous, selfless and decent people. In a world with all…",Tue Dec 19 16:00:13 +0000 2017,-0.2516,0.13,0.704,0.166,92
409,The New York Times,"Critics loved ""The Last Jedi."" Fans? Less so. We asked you to explain the divide.  https://t.co/afTreGULZN",Tue Dec 19 15:46:04 +0000 2017,0.4019,0.194,0.697,0.109,91
410,The New York Times,"Here's how to read President Trump's national security plan, and what it means https://t.co/9foFc9QAhR",Tue Dec 19 15:31:04 +0000 2017,0.34,0.156,0.844,0.0,90
411,The New York Times,"Stories of sexual harassment in the entertainment industry, media companies and the tech industry have led to swift… https://t.co/bgfDadOr6L",Tue Dec 19 15:19:02 +0000 2017,-0.1779,0.12,0.73,0.15,89
412,The New York Times,"""I honestly think that until we get on the same page, you can't tell a woman about their abuse,"" Minnie Driver said… https://t.co/KUYnZMWkJD",Tue Dec 19 15:11:04 +0000 2017,0.4588,0.125,0.875,0.0,88
413,The New York Times,Morning Briefing: Here's what you need to know to start your day https://t.co/HjV6EgG75m https://t.co/5gmlkUDVxw,Tue Dec 19 15:00:25 +0000 2017,0.0,0.0,1.0,0.0,87
414,The New York Times,"Now appearing at Disney World's Hall of Presidents: Donald Trump. And, yes, he speaks. https://t.co/CVVPRIkhO7",Tue Dec 19 14:50:05 +0000 2017,0.4019,0.162,0.838,0.0,86
415,The New York Times,Opinion: The weirdest presidential highlights of 2017 https://t.co/uLCbVmYHW7,Tue Dec 19 14:31:11 +0000 2017,-0.2263,0.0,0.787,0.213,85
416,The New York Times,RT @nytimesarts: Hip-hop changes. Eminem doesn’t. https://t.co/B1x72OJX0D https://t.co/pOifWniL5x,Tue Dec 19 14:21:04 +0000 2017,0.0,0.0,1.0,0.0,84
417,The New York Times,Opinion: How Hollywood blockbusters explain American politics https://t.co/njm6Z0AMag,Tue Dec 19 14:10:05 +0000 2017,0.0,0.0,1.0,0.0,83
418,The New York Times,"""It felt like the end of the world, and I was standing amid the wreckage"" https://t.co/dkPoqKGQvu",Tue Dec 19 14:00:29 +0000 2017,0.3612,0.152,0.848,0.0,82
419,The New York Times,"Jerry Richardson, the owner of the Carolina Panthers, is about to cash in on his abuse https://t.co/pzRic4R7Vf",Tue Dec 19 13:51:03 +0000 2017,-0.6369,0.0,0.792,0.208,81
420,The New York Times,"The Times will track how every representative votes on the tax bill, live from the House chamber https://t.co/s1wkXMgJP9",Tue Dec 19 13:41:08 +0000 2017,0.0,0.0,1.0,0.0,80
421,The New York Times,Major news events in 2017 were big — often big enough to be seen from far above https://t.co/yfjxTAcIq2,Tue Dec 19 13:31:02 +0000 2017,0.0,0.0,1.0,0.0,79
422,The New York Times,"At 79, Gus Solomons Jr. is still a commanding dancer. ""I am playing the instrument as hard as it can be played, giv… https://t.co/hlzy9z4bU2",Tue Dec 19 13:19:04 +0000 2017,0.4215,0.164,0.781,0.055,78
423,The New York Times,Microsoft said that it had eliminated forced arbitration agreements with employees who make sexual harassment claims https://t.co/iTysVBGOgr,Tue Dec 19 13:10:07 +0000 2017,-0.6597,0.093,0.619,0.288,77
424,The New York Times,Morning Briefing: Here's what you need to know to start your day https://t.co/fA2KQTPxB1 https://t.co/ZUFJsaXvJq,Tue Dec 19 13:00:13 +0000 2017,0.0,0.0,1.0,0.0,76
425,The New York Times,"Trevor Noah said that while Trump's conduct worried him, ""I also wake up knowing he's going to make me laugh."" Late… https://t.co/ZUkdF0frjZ",Tue Dec 19 12:50:09 +0000 2017,-0.296,0.0,0.905,0.095,75
426,The New York Times,"The Amtrak train was going more than twice the speed limit when it derailed south of Seattle, officials said https://t.co/vnQbu4zOwl",Tue Dec 19 12:40:03 +0000 2017,-0.34,0.0,0.888,0.112,74
427,The New York Times,"Trump falsely called the $700 billion defense policy bill for 2018 ""a record"" https://t.co/503JcOPZ7B",Tue Dec 19 12:29:01 +0000 2017,0.128,0.103,0.897,0.0,73
428,The New York Times,One of Trump's federal judge nominees has withdrawn after he was unable to answer basic questions during his confir… https://t.co/XeCHeCXQGr,Tue Dec 19 12:20:08 +0000 2017,0.0,0.0,1.0,0.0,72
429,The New York Times,Video: These dancers are keeping the New York City's legendary vogue scene on the map https://t.co/mUL7oFbLqk,Tue Dec 19 12:11:05 +0000 2017,0.0,0.0,1.0,0.0,71
430,The New York Times,The men who tend to the bodies of the unclaimed dead of Port-au-Prince tell their stories https://t.co/8GzEC7Xeko,Tue Dec 19 11:57:05 +0000 2017,-0.6486,0.0,0.788,0.212,70
431,The New York Times,Puerto Rico's governor has ordered a recount of deaths from Hurricane Maria. The official toll is 64; a Times analy… https://t.co/QFUjs139oU,Tue Dec 19 11:45:12 +0000 2017,0.0,0.0,1.0,0.0,69
432,The New York Times,Morning Briefing: Here's what you need to know to start your day https://t.co/ngZ0rcpj8b https://t.co/T0ufHOQNOH,Tue Dec 19 11:30:07 +0000 2017,0.0,0.0,1.0,0.0,68
433,The New York Times,A district in southern Afghanistan that is largely controlled by the Taliban has the sad distinction of being the p… https://t.co/hOMk8vXJUk,Tue Dec 19 11:16:05 +0000 2017,-0.4767,0.0,0.86,0.14,67
434,The New York Times,A decade-long struggle by 11 women who were sexually attacked and tortured by officers has cast a shadow over Mexic… https://t.co/roA5Cbwjje,Tue Dec 19 11:00:14 +0000 2017,-0.836,0.0,0.643,0.357,66
435,The New York Times,"Austria's new chancellor is now Europe’s youngest leader after joining forces with the Freedom Party, founded by ne… https://t.co/gXIfshmOor",Tue Dec 19 10:45:03 +0000 2017,0.7845,0.289,0.711,0.0,65
436,The New York Times,"China will create a national market to clean up its power sector, putting it in a leading position on the issue as… https://t.co/8GWnL4ZH1h",Tue Dec 19 10:30:16 +0000 2017,0.5859,0.202,0.798,0.0,64
437,The New York Times,"""I honestly think that until we get on the same page, you can't tell a woman about their abuse,"" Minnie Driver said… https://t.co/Gy4BWGta2F",Tue Dec 19 10:15:09 +0000 2017,0.4588,0.125,0.875,0.0,63
438,The New York Times,An Uber driver has been arrested in connection with the killing of a British diplomat in Beirut https://t.co/Y9IuevRFu0,Tue Dec 19 10:00:14 +0000 2017,-0.8176,0.0,0.667,0.333,62
439,The New York Times,"RT @nytimesworld: Let’s face it: We cover a lot of death, despair and suffering. So we put together 19 acts of heroism from our pages in 20…",Tue Dec 19 09:44:03 +0000 2017,-0.6705,0.108,0.627,0.265,61
440,The New York Times,Opinion: America's blind eye to Honduras's tyrant https://t.co/iNokP82Iwg,Tue Dec 19 09:32:00 +0000 2017,-0.4019,0.0,0.722,0.278,60
441,The New York Times,RT @nytimesworld: A new study finds little evidence of Russian interference in the Brexit referendum https://t.co/NBUjLdLKMf,Tue Dec 19 09:16:03 +0000 2017,0.0,0.0,1.0,0.0,59
442,The New York Times,"The Republican tax plan soaks some of rich Americans — but it does not soak the richest, @andrewrsorkin writes https://t.co/rFAwEWbHzE",Tue Dec 19 08:59:03 +0000 2017,-0.3322,0.1,0.74,0.16,58
443,The New York Times,"2 undocumented immigrants in U.S. custody must be allowed to have abortions, a federal judge ruled, saying the gove… https://t.co/zcF5K3xEwj",Tue Dec 19 08:45:10 +0000 2017,0.0,0.0,1.0,0.0,57
444,The New York Times,"RT @MujMash: Sayed Basam Pacha, an Afghan police lieutenant who saved many other lives by sacrificing his own in tackling a suicide bomber,…",Tue Dec 19 08:30:10 +0000 2017,-0.4019,0.103,0.733,0.165,56
445,The New York Times,"Fact Check: President Trump misleadingly said that billions of dollars are ""pouring"" into NATO at his urging and in… https://t.co/o8tsTzJlZy",Tue Dec 19 08:15:10 +0000 2017,0.0,0.0,1.0,0.0,55
446,The New York Times,"A list of recent derailments shows that Amtrak is not always great at keeping trains on tracks, or at keeping those… https://t.co/wrwxHQ2csz",Tue Dec 19 07:59:02 +0000 2017,-0.5096,0.0,0.859,0.141,54
447,The New York Times,An academic study finds little evidence of Russian interference in the Brexit referendum https://t.co/lPmzajbsGK,Tue Dec 19 07:45:06 +0000 2017,0.0,0.0,1.0,0.0,53
448,The New York Times,"Now appearing at Disney World's Hall of Presidents: Donald Trump. And, yes, he speaks. https://t.co/RT3LwP3bBc",Tue Dec 19 07:30:05 +0000 2017,0.4019,0.162,0.838,0.0,52
449,The New York Times,Latin America’s political right is on a decisive winning streak https://t.co/TSMhggFbMV,Tue Dec 19 07:15:07 +0000 2017,0.6486,0.398,0.602,0.0,51
450,The New York Times,The man who tried to blow himself up in a New York City subway station this month had recently visited a Rohingya r… https://t.co/0zzatPnzoo,Tue Dec 19 06:59:02 +0000 2017,0.0,0.0,1.0,0.0,50
451,The New York Times,"William V. Harris, a longtime Columbia professor, has retired as part of the settlement of a sexual harassment laws… https://t.co/dvXVHny8er",Tue Dec 19 06:45:08 +0000 2017,-0.5423,0.0,0.829,0.171,49
452,The New York Times,The Trump administration accused North Korea of creating the WannaCry cyberattack that placed ransomware on compute… https://t.co/MIyeFGjonP,Tue Dec 19 06:31:02 +0000 2017,0.0,0.113,0.773,0.113,48
453,The New York Times,RT @joshhaner: Everest as you've never seen it before.  Incredible piece of journalism by @johnbranchnyt that I got to be a part of https:/…,Tue Dec 19 06:17:01 +0000 2017,0.0,0.0,1.0,0.0,47
454,The New York Times,What do you find when you dig under Rome? Peach pits from Persia and extinct straight-tusked elephants for a start. https://t.co/f8YJHRqnmq,Tue Dec 19 06:02:05 +0000 2017,0.0,0.0,1.0,0.0,46
455,The New York Times,RT @nytopinion: Are Republicans just looking for a legislative victory? Do they really believe tax cuts will unleash a huge economic boom?…,Tue Dec 19 05:47:05 +0000 2017,-0.134,0.099,0.778,0.122,45
456,The New York Times,She was found dead after leaving a party in Beirut. A driver for Uber in Lebanon has been arrested in connection wi… https://t.co/mTsXWXr5cz,Tue Dec 19 05:32:05 +0000 2017,-0.6908,0.096,0.641,0.263,44
457,The New York Times,"After years of criticizing and even threatening to abolish the IRS, Republicans must now rely on it to implement th… https://t.co/HvgOho0WPb",Tue Dec 19 05:17:00 +0000 2017,-0.7096,0.0,0.763,0.237,43
458,The New York Times,How The New York Times’s crossword puzzle got its start — in a time of war https://t.co/e85ZBrroQv,Tue Dec 19 05:02:02 +0000 2017,-0.5994,0.0,0.782,0.218,42
459,The New York Times,"RT @nytpolitics: Mike Pence is pushing back his long-planned trip to the Middle East, citing the vote on the tax overhaul legislation this…",Tue Dec 19 04:47:05 +0000 2017,0.0,0.0,1.0,0.0,41
460,The New York Times,"How to save time, money and your sanity while on the road: Travel tips from 2017 https://t.co/fbIYQrE7rs",Tue Dec 19 04:32:04 +0000 2017,0.4939,0.167,0.833,0.0,40
461,The New York Times,"RT @nytgraphics: An Amtrak train derailed in Washington State, killing at least 3 people. Where the train derailed, and its former route: h…",Tue Dec 19 04:17:02 +0000 2017,-0.8481,0.0,0.674,0.326,39
462,The New York Times,Auto industry is betting billions that electric vehicles will soon be as cheap as conventional cars https://t.co/92Cy7nEtJh,Tue Dec 19 04:02:05 +0000 2017,0.0,0.0,1.0,0.0,38
463,The New York Times,"In Jackson, a new Mississippi Civil Rights Museum does not sugarcoat history, nor does it offer closure.https://t.co/ipfVa7Dle0",Tue Dec 19 03:47:02 +0000 2017,0.0,0.0,1.0,0.0,37
464,The New York Times,"RT @nytimesarts: Turns out a lot of you really didn't like ""The Last Jedi"" https://t.co/jQ2HbOgFvW",Tue Dec 19 03:32:03 +0000 2017,-0.3374,0.0,0.845,0.155,36
465,The New York Times,"It seems counterintuitive, but sometimes if you pay taxes in one year instead of another, you can come out ahead https://t.co/HYkjMTpEs6",Tue Dec 19 03:17:05 +0000 2017,-0.1531,0.0,0.926,0.074,35
466,The New York Times,Why the new blood pressure guidelines could lead to harm https://t.co/GoEyeTBGsJ,Tue Dec 19 03:02:04 +0000 2017,-0.6908,0.0,0.612,0.388,34
467,The New York Times,"RT @nytvideo: ""Vogueing is an art where you can feel comfortable in yourself."" Watch: https://t.co/Z3EYpHdh7x https://t.co/DOID8Ue6Fx",Tue Dec 19 02:47:06 +0000 2017,0.5106,0.18,0.82,0.0,33
468,The New York Times,One of Trump’s federal judge nominees has withdrawn after he was unable to answer basic legal questions during his… https://t.co/fHCfNEUpLz,Tue Dec 19 02:32:03 +0000 2017,0.128,0.073,0.927,0.0,32
469,The New York Times,Evening Briefing: Here's what you need to know at the end of the day https://t.co/0tKXBgg16Y,Tue Dec 19 02:16:02 +0000 2017,0.0,0.0,1.0,0.0,31
470,The New York Times,"""I must see him again."" https://t.co/SdgcrD7rf6 https://t.co/pqKyxJ6qHL",Tue Dec 19 02:00:54 +0000 2017,0.0,0.0,1.0,0.0,30
471,The New York Times,"The third reason was financial. Legally, in India, Goutam was considered a missing person. Only when a body was pro… https://t.co/5d7xdfBYw3",Tue Dec 19 01:53:15 +0000 2017,-0.2023,0.068,0.825,0.107,29
472,The New York Times,The second reason was religious. Hindus believe that the body is a temporary vessel for the soul. Once the soul is… https://t.co/9rqwapB1f6,Tue Dec 19 01:48:42 +0000 2017,0.0,0.0,1.0,0.0,28
473,The New York Times,"There were 3 major reasons the Ghosh family desperately wanted his body returned.

The first reason was emotional.… https://t.co/ZG41W6E72v",Tue Dec 19 01:46:37 +0000 2017,-0.3818,0.0,0.867,0.133,27
474,The New York Times,Chandana left their calendar turned to May 2016. That was when time stopped. That’s what happens when the body is l… https://t.co/vf5vSe6qQB,Tue Dec 19 01:41:47 +0000 2017,-0.2263,0.0,0.917,0.083,26
475,The New York Times,"The thought of Goutam somewhere up there — alone and frozen, or maybe wandering around the Himalayas lost and cryin… https://t.co/FUV9i5P1UY",Tue Dec 19 01:33:38 +0000 2017,-0.5106,0.0,0.807,0.193,25
476,The New York Times,There was a poster of Mount Everest in the bedroom that Goutam Ghosh shared with his wife Chandana. It hung there f… https://t.co/dY3zV90gTH,Tue Dec 19 01:28:02 +0000 2017,0.34,0.103,0.897,0.0,24
477,The New York Times,"RT @SominiSengupta: What do these 11 women have in common: audacity.
https://t.co/J9PQX4xJEf",Tue Dec 19 01:17:01 +0000 2017,0.0,0.0,1.0,0.0,23
478,The New York Times,John Skipper: “The most important thing I can do right now is to take care of my problem” https://t.co/LNcoNO4eMn,Tue Dec 19 01:02:01 +0000 2017,0.6478,0.249,0.751,0.0,22
479,The New York Times,"Opinion: ""If you’re looking for a New Year’s resolution, I have to tell you: This one’s great,"" Ann Patchett writes https://t.co/nGqtsPv65g",Tue Dec 19 00:47:03 +0000 2017,0.0,0.0,1.0,0.0,21
480,The New York Times,Figure out where your taxes are going with our interactive calculator https://t.co/fXfdAsVlla,Tue Dec 19 00:33:04 +0000 2017,0.0,0.0,1.0,0.0,20
481,The New York Times,"RT @nytimesbusiness: One of the biggest hurdles facing electric cars is ""range"" — how far they can go before needing a charge https://t.co/…",Tue Dec 19 00:17:03 +0000 2017,0.0,0.0,1.0,0.0,19
482,The New York Times,"In the last record of him alive, Goutam Ghosh stared into his camera in the “the death zone” of Mount Everest. The… https://t.co/jh3a4x1RJs",Tue Dec 19 00:09:19 +0000 2017,-0.3182,0.095,0.764,0.142,18
483,The New York Times,"Four TV shows to watch this week, from @Watching: https://t.co/tiKtuXjUXz",Tue Dec 19 00:02:04 +0000 2017,0.0,0.0,1.0,0.0,17
484,The New York Times,Evening Briefing: Here's what you need to know at the end of the day https://t.co/aVZG8U0krr,Mon Dec 18 23:47:04 +0000 2017,0.0,0.0,1.0,0.0,16
485,The New York Times,These devotees — they call themselves “Potheads” — use their Instant Pots for virtually every kitchen task imaginab… https://t.co/PBYgcWP5gY,Mon Dec 18 23:32:05 +0000 2017,0.128,0.086,0.914,0.0,15
486,The New York Times,"RT @thomaskaplan: Another Republican NO vote on the final tax bill: Rep. Chris Smith of New Jersey will vote against it, his office says.",Mon Dec 18 23:22:06 +0000 2017,-0.4466,0.0,0.887,0.113,14
487,The New York Times,"At least 6 people were killed and dozens injured in the Amtrak derailment in Washington State, officials said
https://t.co/HB7xHRWCFQ",Mon Dec 18 23:14:54 +0000 2017,-0.802,0.0,0.69,0.31,13
488,The New York Times,Archaeological finds from construction of Rome's new subway line tell a colorful story of an ancient past https://t.co/pzfMFZ2eTo,Mon Dec 18 23:02:04 +0000 2017,0.0,0.0,1.0,0.0,12
489,The New York Times,"RT @JohnBranchNYT: Thanks to all for reading/looking at our story. And to those who helped tell it, especially the families in India. The s…",Mon Dec 18 22:47:03 +0000 2017,0.4404,0.112,0.888,0.0,11
490,The New York Times,It looked like any other exercise class. Except for the lightsabers. https://t.co/tHLdZ1eVhm,Mon Dec 18 22:32:06 +0000 2017,0.3612,0.185,0.815,0.0,10
491,The New York Times,Want to know how the tax bill will affect you? Answer these questions to find out. https://t.co/sfljtgCbUh,Mon Dec 18 22:17:04 +0000 2017,0.0772,0.075,0.925,0.0,9
492,The New York Times,"This coming year, let’s resolve to set better resolutions. (Sorry, sorry, we know.) https://t.co/j4jigJ1tjC",Mon Dec 18 22:00:20 +0000 2017,0.6369,0.309,0.618,0.073,8
493,The New York Times,"RT @nytopinion: ""Our government is going into debt to transfer more wealth to the wealthy. This is crazy and irresponsible."" https://t.co/g…",Mon Dec 18 21:45:15 +0000 2017,0.2716,0.215,0.609,0.176,7
494,The New York Times,House Democrats will choose between 2 representatives to lead the Judiciary Committee. Both have impeachment on the… https://t.co/2pPyQYqJMp,Mon Dec 18 21:31:06 +0000 2017,0.0,0.0,1.0,0.0,6
495,The New York Times,Why doesn't the NFL use tracking technology for first down calls? https://t.co/9iKqA6LGyy,Mon Dec 18 21:16:04 +0000 2017,0.0,0.0,1.0,0.0,5
496,The New York Times,"RT @NYTNational: “I think most Americans would be outraged to know that they are subsidizing sexual predators in the tax code"" https://t.co…",Mon Dec 18 21:03:34 +0000 2017,-0.5423,0.0,0.857,0.143,4
497,The New York Times,The U.S. vetoed a U.N. resolution that demanded Trump rescind his decision to recognize Jerusalem as Israel’s capit… https://t.co/LsTPxMBQIs,Mon Dec 18 20:46:56 +0000 2017,-0.2263,0.0,0.899,0.101,3
498,The New York Times,Republicans return to Congress with a victory in sight on their long-awaited tax bill. They have little room for de… https://t.co/G1imY9swrs,Mon Dec 18 20:31:09 +0000 2017,0.0,0.0,1.0,0.0,2
499,The New York Times,The Coast Guard is retrieving boats that were displaced in the U.S. Virgin Islands during Hurricanes Irma and Maria… https://t.co/kuclr8ksxl,Mon Dec 18 20:17:12 +0000 2017,0.0,0.0,1.0,0.0,1
